MYID,SBBMNUM,newLONGITUDE,newLATITUDE,TureKmlID
,0.0,104.76147,31.4008007,0
,0.0,104.7659214,31.4013261,1
,0.0,104.7558135,31.4015125,2
,0.0,104.7558135,31.4015125,2
,0.0,104.7606465,31.4026951,3
,0.0,104.7714836,31.4031452,4
,0.0,104.7651247,31.4032268,5
,0.0,104.7627462,31.4033875,6
,0.0,104.7177224,31.4035152,7
,0.0,104.7177224,31.4035152,7
,0.0,104.7248421,31.4051243,8
,0.0,104.7248421,31.4051243,8
,0.0,104.7248421,31.4051243,8
,0.0,104.755481,31.405745,9
,0.0,104.7702563,31.4058641,10
,0.0,104.7589357,31.4067889,11
,0.0,104.7543804,31.4078514,12
,0.0,104.7631143,31.4079939,13
,0.0,104.7198342,31.4080654,14
,0.0,104.7198342,31.4080654,14
,0.0,104.7198342,31.4080654,14
,0.0,104.7198342,31.4080654,14
,0.0,104.7198342,31.4080654,14
,0.0,104.7198342,31.4080654,14
,0.0,104.7198342,31.4080654,14
,0.0,104.7198342,31.4080654,14
,0.0,104.7182302,31.4085862,15
,0.0,104.7182302,31.4085862,15
,0.0,104.7182302,31.4085862,15
,0.0,104.7182302,31.4085862,15
,0.0,104.6109474,31.4085753,16
,0.0,104.6109474,31.4085753,16
,0.0,104.7580483,31.4089605,17
,0.0,104.7601103,31.4095971,18
,0.0,104.7686727,31.40973,19
,0.0,104.7538721,31.409878,20
,0.0,104.7621541,31.4102281,21
,0.0,104.7166348,31.4103073,22
,0.0,104.7572267,31.4109483,23
,0.0,104.7204732,31.4109116,24
,0.0,104.7204732,31.4109116,24
,0.0,104.7204732,31.4109116,24
,0.0,104.7204732,31.4109116,24
,0.0,104.7735233,31.4112156,25
,0.0,104.7592632,31.4115852,26
,0.0,104.7144923,31.4121557,27
,0.0,104.7144923,31.4121557,27
,0.0,104.7613042,31.4122234,28
,0.0,104.7564077,31.4129299,29
,0.0,104.7670681,31.4134366,30
,0.0,104.7584009,31.4135456,31
,0.0,104.760478,31.4141462,32
,0.0,104.7473003,31.4142764,33
,0.0,104.748714,31.4144211,34
,0.0,104.7413735,31.4143969,35
,0.0,104.7413735,31.4143969,35
391.0,0.0,104.7413735,31.4143969,35
,0.0,104.7456816,31.4144244,36
,0.0,104.7456816,31.4144244,36
,0.0,104.7529033,31.4148136,37
,0.0,104.7575381,31.4155071,38
,0.0,104.6370095,31.4156167,39
361.0,0.0,104.7597923,31.4162624,40
,0.0,104.6733133,31.4165477,41
,0.0,104.7462432,31.4169306,42
360.0,0.0,104.7651528,31.4180063,43
,0.0,104.7495254,31.4178267,44
,0.0,104.7495254,31.4178267,44
,0.0,104.7495254,31.4178267,44
,0.0,104.7495254,31.4178267,44
,0.0,104.7495254,31.4178267,44
,0.0,104.7477507,31.4181941,45
,0.0,104.6359086,31.4183848,46
,0.0,104.7599026,31.4194008,47
320.0,0.0,104.7699893,31.4195314,48
,0.0,104.6751896,31.4195579,49
,0.0,104.6625619,31.4195806,50
740.0,2.0,104.7735994,31.4206403,51
479.0,1.0,104.7577629,31.4207101,52
,0.0,104.7596451,31.4207968,53
377.0,0.0,104.7596451,31.4207968,53
,0.0,104.6759969,31.4212699,54
,0.0,104.6972422,31.421638,55
187.0,4.0,104.7634654,31.4220348,56
,0.0,104.6059558,31.422076,57
724.0,2.0,104.7646818,31.422448,58
,0.0,104.7350306,31.4230545,59
,0.0,104.7618826,31.4231023,60
,0.0,104.7618826,31.4231023,60
466.0,0.0,104.7682662,31.423689,61
,0.0,104.7628372,31.4235515,62
,0.0,104.7628372,31.4235515,62
,0.0,104.7361626,31.4240091,63
,0.0,104.7361626,31.4240091,63
,0.0,104.7361626,31.4240091,63
,0.0,104.7494565,31.4241772,64
,0.0,104.7506085,31.424592,65
,0.0,104.7311805,31.4248808,66
,0.0,104.7722805,31.4250537,67
186.0,4.0,104.7722805,31.4250537,67
,0.0,104.7539965,31.4254645,68
,0.0,104.7675064,31.4254749,69
,0.0,104.7670571,31.4265713,70
,0.0,104.7626872,31.4265693,71
,0.0,104.7626872,31.4265693,71
,0.0,104.7626872,31.4265693,71
,0.0,104.7626872,31.4265693,71
,0.0,104.7544871,31.4266096,72
,0.0,104.7544871,31.4266096,72
,0.0,104.7544871,31.4266096,72
,0.0,104.7544871,31.4266096,72
,0.0,104.7544871,31.4266096,72
,0.0,104.7544871,31.4266096,72
,0.0,104.7544871,31.4266096,72
,0.0,104.7532663,31.4269019,73
,0.0,104.7507888,31.4268378,74
,0.0,104.7507888,31.4268378,74
,0.0,104.7507888,31.4268378,74
,0.0,104.7507888,31.4268378,74
,0.0,104.7483103,31.4271177,75
,0.0,104.7483103,31.4271177,75
,0.0,104.7487014,31.4268245,75
,0.0,104.7487014,31.4268245,75
,0.0,104.7483103,31.4271177,75
,0.0,104.7483103,31.4271177,75
,0.0,104.6643498,31.4273273,76
,0.0,104.7629414,31.4275333,77
,0.0,104.7629414,31.4275333,77
,0.0,104.7629414,31.4275333,77
,0.0,104.7710892,31.4278266,78
225.0,6.0,104.7710892,31.4278266,78
,0.0,104.7325233,31.4280583,79
,0.0,104.7325233,31.4280583,79
,0.0,104.7471185,31.4283715,80
723.0,1.0,104.7471185,31.4283715,80
,0.0,104.7738217,31.4287227,81
455.0,0.0,104.7491768,31.4285322,82
,0.0,104.7491768,31.4285322,82
,0.0,104.7248108,31.42901,83
,0.0,104.7248108,31.42901,83
,0.0,104.748169,31.4291681,84
,0.0,104.748169,31.4291681,84
,0.0,104.7367481,31.4292995,85
,0.0,104.7449048,31.4294912,86
,0.0,104.7639828,31.4293773,87
,0.0,104.7639828,31.4293773,87
,0.0,104.7639828,31.4293773,87
,0.0,104.6551187,31.4300911,88
,0.0,104.6804087,31.4297859,89
,0.0,104.6804087,31.4297859,89
,0.0,104.7352837,31.430192,90
276.0,4.0,104.7698403,31.4305977,91
,0.0,104.7641344,31.4305373,92
,0.0,104.7641344,31.4305373,92
429.0,0.0,104.7641344,31.4305373,92
,0.0,104.7641344,31.4305373,92
,0.0,104.7641344,31.4305373,92
,0.0,104.7641344,31.4305373,92
678.0,1.0,104.7488365,31.4315826,93
,0.0,104.7488365,31.4315826,93
,0.0,104.7488365,31.4315826,93
318.0,0.0,104.7726115,31.4314849,94
317.0,0.0,104.7651528,31.4319776,95
,0.0,104.7516399,31.4322907,96
,0.0,104.7534585,31.4323937,97
,0.0,104.7280553,31.4323966,98
,0.0,104.6806169,31.4324601,99
,0.0,104.6806169,31.4324601,99
,0.0,104.740786,31.4328802,100
,0.0,104.6883108,31.4329186,101
224.0,0.0,104.7687606,31.4331106,102
,0.0,104.749234,31.4331901,103
,0.0,104.7252921,31.4336324,104
,0.0,104.7252921,31.4336324,104
,0.0,104.6677697,31.4338872,105
,0.0,104.7715418,31.4340492,106
,0.0,104.7512747,31.4339671,107
,0.0,104.7512747,31.4339671,107
,0.0,104.7549793,31.4345724,108
,0.0,104.7251919,31.4351355,109
,0.0,104.6890104,31.4352803,110
,0.0,104.6890104,31.4352803,110
,0.0,104.7165943,31.4353643,111
,0.0,104.7536436,31.4354946,112
,0.0,104.7430769,31.4356746,113
,0.0,104.7430769,31.4356746,113
,0.0,104.7430769,31.4356746,113
,0.0,104.7430769,31.4356746,113
,0.0,104.7430769,31.4356746,113
,0.0,104.7430769,31.4356746,113
,0.0,104.7430769,31.4356746,113
,0.0,104.7430769,31.4356746,113
,0.0,104.7430769,31.4356746,113
,0.0,104.7430769,31.4356746,113
,0.0,104.7430769,31.4356746,113
,0.0,104.7430769,31.4356746,113
,0.0,104.7430769,31.4356746,113
,0.0,104.7430769,31.4356746,113
,0.0,104.7430769,31.4356746,113
,0.0,104.7430769,31.4356746,113
,0.0,104.7430769,31.4356746,113
,0.0,104.7430769,31.4356746,113
,0.0,104.7430769,31.4356746,113
,0.0,104.7381647,31.43584,114
,0.0,104.7440964,31.4360178,115
,0.0,104.7415989,31.4357479,116
,0.0,104.7415989,31.4357479,116
,0.0,104.7674238,31.4362287,117
195.0,2.0,104.7674238,31.4362287,117
,0.0,104.7291668,31.4365235,118
,0.0,104.6820224,31.4366755,119
,0.0,104.6820224,31.4366755,119
,0.0,104.7703026,31.4370192,120
,0.0,104.7476541,31.4372338,121
,0.0,104.7377702,31.4376184,122
,0.0,104.7729284,31.4379031,123
694.0,6.0,104.7729284,31.4379031,123
,0.0,104.75474,31.437989,124
,0.0,104.7474557,31.4382339,125
339.0,2.0,104.7413669,31.4384258,126
,0.0,104.7205234,31.4386755,127
,0.0,104.6415967,31.43879,128
,0.0,104.7252332,31.4387641,129
,0.0,104.7252332,31.4387641,129
,0.0,104.7252332,31.4387641,129
,0.0,104.7395448,31.4396006,130
632.0,3.0,104.7250069,31.4400303,131
720.0,5.0,104.6728452,31.440843,132
,0.0,104.6728452,31.440843,132
,0.0,104.6728452,31.440843,132
,0.0,104.6728452,31.440843,132
,0.0,104.7147659,31.4408331,133
,0.0,104.7654496,31.4413548,134
,0.0,104.7654496,31.4413548,134
46.0,4.0,104.7654496,31.4413548,134
,0.0,104.7165166,31.4410625,135
,0.0,104.7714802,31.4413443,136
,0.0,104.6700028,31.4414517,137
,0.0,104.6700028,31.4414517,137
,0.0,104.7542464,31.441685,138
,0.0,104.6738989,31.4418404,139
,0.0,104.724924,31.4418638,140
,0.0,104.7187437,31.4422938,141
,0.0,104.6675762,31.442376,142
,0.0,104.7681997,31.4428801,143
426.0,0.0,104.7313747,31.4433747,144
,0.0,104.7270953,31.4438392,145
,0.0,104.7692173,31.4439231,146
,0.0,104.7207014,31.4437127,147
,0.0,104.7207014,31.4437127,147
,0.0,104.6471902,31.4440076,148
,0.0,104.7281473,31.4443314,149
,0.0,104.6404558,31.4443916,150
,0.0,104.6646404,31.444582,151
,0.0,104.7639391,31.4445682,152
,0.0,104.7639391,31.4445682,152
41.0,4.0,104.7639391,31.4445682,152
,0.0,104.6431368,31.4450324,153
427.0,2.0,104.7255292,31.4455288,154
,0.0,104.7255658,31.4455399,154
,0.0,104.7255658,31.4455399,154
,0.0,104.7255658,31.4455399,154
,0.0,104.7255292,31.4455288,154
,0.0,104.7162392,31.4452032,155
,0.0,104.6337678,31.4452452,156
,0.0,104.7530308,31.4454242,157
,0.0,104.7522848,31.4454475,157
,0.0,104.7530308,31.4454242,157
20.0,2.0,104.7526578,31.4454359,157
,0.0,104.7526578,31.4454359,157
,0.0,104.7477108,31.4454161,158
,0.0,104.762075,31.4454203,159
,0.0,104.6459558,31.4453143,160
,0.0,104.6459558,31.4453143,160
,0.0,104.7522848,31.4454475,161
,0.0,104.7522848,31.4454475,161
,0.0,104.7522848,31.4454475,161
,0.0,104.7255658,31.4455399,162
,0.0,104.7254926,31.4455177,162
,0.0,104.7254926,31.4455177,162
,0.0,104.7254926,31.4455177,162
550.0,0.0,104.7501089,31.4458254,163
,0.0,104.7501089,31.4458254,163
,0.0,104.654238,31.4459045,164
,0.0,104.6999149,31.445916,165
21.0,1.0,104.7548178,31.4460945,166
,0.0,104.7548178,31.4460945,166
,0.0,104.7548178,31.4460945,166
,0.0,104.7638468,31.4461621,167
,0.0,104.7362967,31.4462033,168
,0.0,104.682374,31.4462347,169
,0.0,104.682374,31.4462347,169
,0.0,104.770751,31.4464516,170
39.0,0.0,104.7455172,31.4464043,171
,0.0,104.7455172,31.4464043,171
,0.0,104.7455172,31.4464043,171
,0.0,104.7455172,31.4464043,171
,0.0,104.7455172,31.4464043,171
,0.0,104.7188054,31.4464178,172
,0.0,104.7188054,31.4464178,172
,0.0,104.7262375,31.4469936,173
,0.0,104.7262375,31.4469936,173
,0.0,104.7108555,31.4471608,174
,0.0,104.765165,31.4473318,175
,0.0,104.6399557,31.4475788,176
,0.0,104.7417685,31.4475576,177
,0.0,104.7417685,31.4475576,177
505.0,2.0,104.7417685,31.4475576,177
,0.0,104.6426667,31.4477769,178
,0.0,104.6856176,31.447904,179
,0.0,104.6304874,31.4478645,180
,0.0,104.6304874,31.4478645,180
,0.0,104.6304874,31.4478645,180
,0.0,104.6304874,31.4478645,180
428.0,0.0,104.7219909,31.4479962,181
,0.0,104.6456953,31.4479983,182
,0.0,104.7616362,31.4482398,183
,0.0,104.7593894,31.4481651,184
,0.0,104.7593894,31.4481651,184
,0.0,104.7147033,31.4483445,185
,0.0,104.7515414,31.4488417,186
,0.0,104.7515414,31.4488417,186
,0.0,104.7515414,31.4488417,186
,0.0,104.7515414,31.4488417,186
741.0,4.0,104.7515414,31.4488417,186
492.0,0.0,104.7515414,31.4488417,186
,0.0,104.6244488,31.4485699,187
,0.0,104.7229583,31.4485882,188
,0.0,104.768725,31.448724,189
,0.0,104.7494052,31.4491253,190
,0.0,104.7713343,31.4491847,191
,0.0,104.7111655,31.4495517,192
717.0,2.0,104.7441855,31.4492144,193
,0.0,104.7441855,31.4492144,193
,0.0,104.7441855,31.4492144,193
31.0,0.0,104.7441855,31.4492144,193
,0.0,104.7280639,31.4496101,194
,0.0,104.6019202,31.4496779,195
515.0,0.0,104.6019202,31.4496779,195
,0.0,104.6019202,31.4496779,195
,0.0,104.7562059,31.449764,196
,0.0,104.7601253,31.4498679,197
697.0,2.0,104.7601253,31.4498679,197
383.0,0.0,104.7601253,31.4498679,197
,0.0,104.7728057,31.44981,198
,0.0,104.7728057,31.44981,198
,0.0,104.7160219,31.4502261,199
,0.0,104.7160219,31.4502261,199
,0.0,104.7548945,31.4505079,200
246.0,2.0,104.7382344,31.4505133,201
,0.0,104.7510876,31.4505374,202
,0.0,104.7523034,31.4505703,203
,0.0,104.7523034,31.4505703,203
,0.0,104.7523034,31.4505703,203
796.0,1.0,104.7620118,31.4506102,204
,0.0,104.6526864,31.4506788,205
,0.0,104.6454387,31.4508756,206
,0.0,104.7254938,31.4508885,207
,0.0,104.6949229,31.4509047,208
,0.0,104.6422794,31.4508973,209
,0.0,104.6422794,31.4508973,209
,0.0,104.6396886,31.4510046,210
,0.0,104.6396886,31.4510046,210
,0.0,104.7485121,31.4507932,211
,0.0,104.7485121,31.4507932,211
,0.0,104.7485121,31.4507932,211
,0.0,104.7212815,31.4507109,212
,0.0,104.7212815,31.4507109,212
,0.0,104.7212815,31.4507109,212
,0.0,104.7212815,31.4507109,212
,0.0,104.7684826,31.4511783,213
667.0,6.0,104.6713983,31.4511857,214
,0.0,104.637323,31.4510778,215
,0.0,104.637323,31.4510778,215
648.0,3.0,104.6809673,31.4513155,216
,0.0,104.6809673,31.4513155,216
,0.0,104.6809673,31.4513155,216
641.0,2.0,104.6046348,31.451223,217
,0.0,104.6582652,31.4512002,218
,0.0,104.6582652,31.4512002,218
,0.0,104.6301695,31.4513109,219
,0.0,104.6301695,31.4513109,219
,0.0,104.6257252,31.4508853,220
,0.0,104.6257252,31.4508853,220
,0.0,104.6825315,31.4513377,221
,0.0,104.6874295,31.4513627,222
,0.0,104.6856087,31.4509419,223
,0.0,104.6856087,31.4509419,223
371.0,0.0,104.7361417,31.45135,224
,0.0,104.7361417,31.45135,224
425.0,0.0,104.6742694,31.4514425,225
,0.0,104.6742694,31.4514425,225
,0.0,104.6742694,31.4514425,225
,0.0,104.6658035,31.451547,226
,0.0,104.7188288,31.4517145,227
,0.0,104.7188288,31.4517145,227
,0.0,104.7188288,31.4517145,227
553.0,0.0,104.7188288,31.4517145,227
,0.0,104.7188288,31.4517145,227
,0.0,104.6171926,31.4517536,228
,0.0,104.6171926,31.4517536,228
424.0,2.0,104.7080299,31.451863,229
,0.0,104.6889421,31.4518896,230
395.0,0.0,104.75502,31.4519556,231
,0.0,104.7585356,31.4519088,232
,0.0,104.7585356,31.4519088,232
549.0,0.0,104.7585356,31.4519088,232
,0.0,104.7585356,31.4519088,232
411.0,0.0,104.7585356,31.4519088,232
,0.0,104.7585356,31.4519088,232
433.0,0.0,104.7585356,31.4519088,232
,0.0,104.7523913,31.4520034,233
184.0,4.0,104.7523913,31.4520034,233
432.0,0.0,104.7506745,31.4520882,234
363.0,0.0,104.7490009,31.4521522,235
,0.0,104.683834,31.4517596,236
,0.0,104.683834,31.4517596,236
519.0,0.0,104.7473554,31.4521789,237
,0.0,104.764226,31.4522468,238
,0.0,104.6910476,31.4523218,239
558.0,0.0,104.605564,31.452344,240
414.0,0.0,104.7154453,31.4525444,241
,0.0,104.7700416,31.4527466,242
,0.0,104.773106,31.4520843,243
,0.0,104.773106,31.4520843,243
,0.0,104.7729444,31.4523413,243
,0.0,104.7729444,31.4523413,243
,0.0,104.7729444,31.4523413,243
,0.0,104.7428198,31.4526103,244
18.0,6.0,104.7428198,31.4526103,244
30.0,0.0,104.7428198,31.4526103,244
,0.0,104.7715135,31.4524918,245
,0.0,104.7715135,31.4524918,245
,0.0,104.7123618,31.4525551,246
440.0,0.0,104.7123618,31.4525551,246
,0.0,104.7669918,31.4529189,247
,0.0,104.6234537,31.4529641,248
,0.0,104.6234537,31.4529641,248
,0.0,104.6234537,31.4529641,248
207.0,0.0,104.6234537,31.4529641,248
,0.0,104.6942222,31.4530594,249
,0.0,104.7507646,31.4531101,250
175.0,0.0,104.7599884,31.4531395,251
,0.0,104.7599884,31.4531395,251
,0.0,104.6279088,31.4532173,252
,0.0,104.7491841,31.4532643,253
,0.0,104.6423858,31.4533431,254
,0.0,104.7575349,31.4534645,255
567.0,3.0,104.7575349,31.4534645,255
,0.0,104.6855623,31.4534315,256
,0.0,104.6855623,31.4534315,256
,0.0,104.743335,31.4536341,257
642.0,3.0,104.6972832,31.4537206,258
495.0,1.0,104.7177232,31.4537708,259
,0.0,104.7679409,31.4535986,260
,0.0,104.7679409,31.4535986,260
,0.0,104.6905242,31.4538134,261
174.0,0.0,104.7550803,31.4538943,262
,0.0,104.7550803,31.4538943,262
577.0,0.0,104.6809428,31.4540072,263
,0.0,104.6809428,31.4540072,263
,0.0,104.7330215,31.4539048,264
,0.0,104.7330215,31.4539048,264
331.0,0.0,104.7330215,31.4539048,264
,0.0,104.7701355,31.454194,265
,0.0,104.7227301,31.4542475,266
,0.0,104.7227301,31.4542475,266
,0.0,104.654083,31.45432,267
437.0,0.0,104.6564737,31.4542873,268
,0.0,104.6564737,31.4542873,268
,0.0,104.6564737,31.4542873,268
,0.0,104.6564737,31.4542873,268
,0.0,104.6281065,31.4543051,269
,0.0,104.6281065,31.4543051,269
,0.0,104.7525932,31.4543606,270
,0.0,104.7525932,31.4543606,270
242.0,0.0,104.7525932,31.4543606,270
,0.0,104.7525932,31.4543606,270
551.0,0.0,104.7444731,31.4543983,271
,0.0,104.7397685,31.4543321,272
29.0,2.0,104.7397685,31.4543321,272
690.0,1.0,104.7189925,31.4545212,273
,0.0,104.7189925,31.4545212,273
,0.0,104.6230755,31.4544607,274
,0.0,104.6489202,31.4545059,275
,0.0,104.6489202,31.4545059,275
,0.0,104.7028824,31.4544805,276
,0.0,104.7028824,31.4544805,276
,0.0,104.6937018,31.4545787,277
,0.0,104.6450484,31.4546259,278
281.0,3.0,104.6450484,31.4546259,278
173.0,0.0,104.7508983,31.4546259,279
506.0,0.0,104.7573954,31.4546592,280
,0.0,104.6996267,31.4546748,281
,0.0,104.7607115,31.4543987,282
,0.0,104.7607115,31.4543987,282
,0.0,104.709245,31.4547095,283
,0.0,104.7148296,31.4547193,284
572.0,3.0,104.7713105,31.4547416,285
,0.0,104.7321556,31.4547659,286
,0.0,104.7321556,31.4547659,286
275.0,3.0,104.7321556,31.4547659,286
,0.0,104.7121821,31.4547893,287
,0.0,104.7321556,31.4547659,288
,0.0,104.6393049,31.4548051,289
,0.0,104.6393049,31.4548051,289
,0.0,104.6078663,31.4547788,290
,0.0,104.6078663,31.4547788,290
,0.0,104.6078663,31.4547788,290
,0.0,104.6078663,31.4547788,290
476.0,0.0,104.6078663,31.4547788,290
,0.0,104.6078663,31.4547788,290
,0.0,104.7494448,31.4548454,291
,0.0,104.635875,31.4549048,292
,0.0,104.635875,31.4549048,292
295.0,0.0,104.635875,31.4549048,292
,0.0,104.7590149,31.4549689,293
315.0,0.0,104.6901386,31.4549528,294
,0.0,104.6901386,31.4549528,294
,0.0,104.6305687,31.4549614,295
338.0,0.0,104.6305687,31.4549614,295
456.0,0.0,104.7343962,31.4550021,296
,0.0,104.7276334,31.4550175,297
,0.0,104.7164782,31.4549735,298
,0.0,104.7164782,31.4549735,298
,0.0,104.747612,31.4550161,299
348.0,0.0,104.747612,31.4550161,299
412.0,0.0,104.747612,31.4550161,299
,0.0,104.747612,31.4550161,299
172.0,0.0,104.747612,31.4550161,299
554.0,0.0,104.7042279,31.4552094,300
,0.0,104.6966922,31.4552998,301
522.0,0.0,104.7075175,31.4554811,302
,0.0,104.7310954,31.455469,303
370.0,0.0,104.7310954,31.455469,303
,0.0,104.7601035,31.4554189,304
,0.0,104.7601035,31.4554189,304
,0.0,104.7601035,31.4554189,304
,0.0,104.6288472,31.455662,305
,0.0,104.7086728,31.4557141,306
36.0,0.0,104.7386257,31.4557204,307
,0.0,104.7648837,31.4556884,308
,0.0,104.7648837,31.4556884,308
,0.0,104.7648837,31.4556884,308
,0.0,104.7648837,31.4556884,308
,0.0,104.7648837,31.4556884,308
,0.0,104.6992619,31.4559195,309
,0.0,104.6868803,31.4560307,310
185.0,3.0,104.7292506,31.456155,311
,0.0,104.7292506,31.456155,311
,0.0,104.7292506,31.456155,311
,0.0,104.7292506,31.456155,311
499.0,4.0,104.7120913,31.4561485,312
,0.0,104.7120913,31.4561485,312
372.0,0.0,104.7575568,31.4561979,313
351.0,2.0,104.7067264,31.4562058,314
,0.0,104.6512922,31.4562061,315
,0.0,104.7292506,31.456155,316
,0.0,104.7292506,31.456155,316
,0.0,104.7292506,31.456155,316
,0.0,104.7184968,31.4561577,317
,0.0,104.7184968,31.4561577,317
,0.0,104.6489919,31.4562747,318
,0.0,104.7493805,31.4563417,319
,0.0,104.7544016,31.4563825,320
148.0,0.0,104.7528083,31.4564051,321
,0.0,104.7528083,31.4564051,321
,0.0,104.7199747,31.4562223,322
,0.0,104.7199747,31.4562223,322
,0.0,104.7199747,31.4562223,322
534.0,0.0,104.7199747,31.4562223,322
669.0,1.0,104.7504373,31.4564745,323
,0.0,104.7635169,31.4561909,324
,0.0,104.7635169,31.4561909,324
,0.0,104.7635169,31.4561909,324
491.0,0.0,104.7635169,31.4561909,324
,0.0,104.7635169,31.4561909,324
,0.0,104.7635169,31.4561909,324
,0.0,104.7635169,31.4561909,324
,0.0,104.7635169,31.4561909,324
464.0,0.0,104.7141402,31.4565294,325
,0.0,104.6551628,31.4565543,326
321.0,0.0,104.7253387,31.4565733,327
,0.0,104.7253387,31.4565733,327
,0.0,104.6279764,31.4566573,328
312.0,0.0,104.6811144,31.4567249,329
493.0,0.0,104.7214129,31.456634,330
,0.0,104.7214129,31.456634,330
,0.0,104.7214129,31.456634,330
431.0,3.0,104.7159895,31.4568731,331
,0.0,104.6448175,31.4569299,332
183.0,0.0,104.7479101,31.456813,333
,0.0,104.7479101,31.456813,333
461.0,0.0,104.7479101,31.456813,333
,0.0,104.6406704,31.4570225,334
,0.0,104.6393904,31.4570602,335
,0.0,104.7601445,31.4569085,336
,0.0,104.7601445,31.4569085,336
,0.0,104.7413056,31.4570992,337
,0.0,104.6151688,31.4571493,338
,0.0,104.636088,31.4571574,339
,0.0,104.7261651,31.4571857,340
430.0,0.0,104.7179314,31.4572456,341
,0.0,104.7179314,31.4572456,341
328.0,0.0,104.7179314,31.4572456,341
314.0,0.0,104.6959535,31.4573239,342
,0.0,104.6959535,31.4573239,342
,0.0,104.6327342,31.4575214,343
309.0,4.0,104.7333156,31.4575323,344
463.0,0.0,104.7194697,31.4575337,345
,0.0,104.6987484,31.4575508,346
,0.0,104.7376795,31.4573698,347
37.0,6.0,104.7376795,31.4573698,347
28.0,0.0,104.7376795,31.4573698,347
719.0,4.0,104.6124199,31.4576314,348
498.0,0.0,104.7209016,31.4576315,349
,0.0,104.7618863,31.4574591,350
,0.0,104.7618863,31.4574591,350
,0.0,104.7618863,31.4574591,350
,0.0,104.7618863,31.4574591,350
,0.0,104.7618863,31.4574591,350
,0.0,104.7618863,31.4574591,350
,0.0,104.7618863,31.4574591,350
,0.0,104.7618863,31.4574591,350
,0.0,104.7618863,31.4574591,350
,0.0,104.7618863,31.4574591,350
,0.0,104.7618863,31.4574591,350
,0.0,104.7544979,31.4577645,351
297.0,0.0,104.7529399,31.457772,352
,0.0,104.7529399,31.457772,352
434.0,1.0,104.7571804,31.4577767,353
,0.0,104.7571804,31.4577767,353
,0.0,104.6513871,31.457985,354
,0.0,104.7628911,31.4579352,355
490.0,0.0,104.7628911,31.4579352,355
,0.0,104.7138759,31.4580392,356
,0.0,104.6490673,31.4581189,357
,0.0,104.7436187,31.4580207,358
552.0,0.0,104.7436187,31.4580207,358
,0.0,104.7436187,31.4580207,358
,0.0,104.7436187,31.4580207,358
,0.0,104.6446915,31.4582607,359
313.0,0.0,104.7289427,31.4583308,360
394.0,0.0,104.7155986,31.4583466,361
,0.0,104.6407223,31.4583557,362
,0.0,104.7373244,31.4583458,363
35.0,0.0,104.7373244,31.4583458,363
,0.0,104.6360854,31.4584666,364
,0.0,104.7070146,31.4584759,365
268.0,6.0,104.7070146,31.4584759,365
,0.0,104.6322879,31.4585769,366
,0.0,104.7173281,31.458667,367
,0.0,104.6771691,31.4586844,368
,0.0,104.6809942,31.458666,369
,0.0,104.6809942,31.458666,369
,0.0,104.6809942,31.458666,369
,0.0,104.6809942,31.458666,369
,0.0,104.6835423,31.4586495,370
,0.0,104.6835423,31.4586495,370
,0.0,104.6868394,31.4587076,371
524.0,0.0,104.6923218,31.4586581,372
,0.0,104.6923218,31.4586581,372
,0.0,104.6923218,31.4586581,372
,0.0,104.7228347,31.4587661,373
566.0,0.0,104.7097943,31.4588988,374
684.0,2.0,104.7097943,31.4588988,374
523.0,0.0,104.7029151,31.4588281,375
,0.0,104.6539925,31.4588288,376
,0.0,104.7246599,31.458853,377
182.0,0.0,104.7482298,31.4588608,378
665.0,2.0,104.7482298,31.4588608,378
,0.0,104.7604947,31.4584911,379
,0.0,104.7604947,31.4584911,379
,0.0,104.7604947,31.4584911,379
,0.0,104.7604947,31.4584911,379
,0.0,104.6147681,31.4588965,380
,0.0,104.6147681,31.4588965,380
,0.0,104.6147681,31.4588965,380
,0.0,104.6147681,31.4588965,380
,0.0,104.6147681,31.4588965,380
303.0,0.0,104.6147681,31.4588965,380
453.0,0.0,104.7329261,31.4589732,381
,0.0,104.7189331,31.4588135,382
,0.0,104.7189331,31.4588135,382
574.0,4.0,104.621844,31.4592602,383
,0.0,104.621844,31.4592602,383
,0.0,104.7202776,31.4590532,384
,0.0,104.7202776,31.4590532,384
,0.0,104.745999,31.459017,385
,0.0,104.745999,31.459017,385
,0.0,104.745999,31.459017,385
575.0,5.0,104.7118177,31.4596384,386
,0.0,104.7118177,31.4596384,386
335.0,0.0,104.7118177,31.4596384,386
,0.0,104.6219992,31.4592982,387
656.0,2.0,104.6219992,31.4592982,387
,0.0,104.6219992,31.4592982,387
,0.0,104.6219992,31.4592982,387
,0.0,104.6219992,31.4592982,387
,0.0,104.6219992,31.4592982,387
,0.0,104.6219992,31.4592982,387
,0.0,104.6219992,31.4592982,387
450.0,0.0,104.7598143,31.459383,388
708.0,1.0,104.7497668,31.4594534,389
352.0,0.0,104.7010048,31.4594628,390
,0.0,104.7135792,31.4594438,391
579.0,0.0,104.7135792,31.4594438,391
,0.0,104.7370215,31.4596174,392
,0.0,104.7370215,31.4596174,392
,0.0,104.7370215,31.4596174,392
,0.0,104.7370215,31.4596174,392
,0.0,104.7370215,31.4596174,392
,0.0,104.7370215,31.4596174,392
564.0,0.0,104.7148159,31.4596328,393
,0.0,104.7148159,31.4596328,393
,0.0,104.7148159,31.4596328,393
,0.0,104.7037511,31.4596055,394
738.0,0.0,104.7037511,31.4596055,394
,0.0,104.7037511,31.4596055,394
,0.0,104.7037511,31.4596055,394
,0.0,104.7219634,31.4597274,395
654.0,1.0,104.6983982,31.45983,396
,0.0,104.7071595,31.4599795,397
,0.0,104.7022499,31.4600448,398
232.0,0.0,104.7166895,31.4600877,399
743.0,1.0,104.7573616,31.460119,400
149.0,0.0,104.7573616,31.460119,400
,0.0,104.7573616,31.460119,400
,0.0,104.7573616,31.460119,400
212.0,4.0,104.6266459,31.4602092,401
,0.0,104.6266459,31.4602092,401
,0.0,104.6266459,31.4602092,401
150.0,0.0,104.7562379,31.4602273,402
,0.0,104.6514971,31.4602467,403
,0.0,104.6266459,31.4602092,404
,0.0,104.6329252,31.4602973,405
,0.0,104.6230911,31.4602679,406
,0.0,104.6230911,31.4602679,406
,0.0,104.7584882,31.4606591,407
436.0,1.0,104.7584882,31.4606591,407
,0.0,104.7280585,31.4621261,408
,0.0,104.7280585,31.4621261,408
,0.0,104.7280585,31.4621261,408
,0.0,104.7280585,31.4621261,408
,0.0,104.7280585,31.4621261,408
210.0,0.0,104.7280585,31.4621261,408
,0.0,104.7280585,31.4621261,408
,0.0,104.7280585,31.4621261,408
,0.0,104.7280585,31.4621261,408
,0.0,104.7280585,31.4621261,408
521.0,1.0,104.7280585,31.4621261,408
,0.0,104.7280585,31.4621261,408
,0.0,104.7531982,31.4604576,409
213.0,4.0,104.7531982,31.4604576,409
530.0,0.0,104.7367586,31.4605042,410
233.0,6.0,104.7182371,31.4605423,411
152.0,1.0,104.7514449,31.4605948,412
155.0,0.0,104.7493505,31.4607177,413
154.0,0.0,104.7493505,31.4607177,413
624.0,1.0,104.747897,31.460803,414
,0.0,104.747897,31.460803,414
,0.0,104.6731626,31.4608699,415
,0.0,104.7251775,31.4608757,416
234.0,0.0,104.7194657,31.4609032,417
359.0,0.0,104.6647012,31.4609998,418
,0.0,104.71587,31.4610152,419
687.0,1.0,104.746168,31.4610293,420
,0.0,104.7346441,31.4611976,421
,0.0,104.6835204,31.4612194,422
157.0,0.0,104.7303057,31.4613065,423
,0.0,104.6771353,31.4613795,424
,0.0,104.7072927,31.46138,425
,0.0,104.6528598,31.4614238,426
,0.0,104.6528598,31.4614238,426
,0.0,104.7324167,31.4613601,427
271.0,4.0,104.7324167,31.4613601,427
,0.0,104.7324167,31.4613601,427
,0.0,104.7042347,31.4615106,428
462.0,0.0,104.7324167,31.4613601,429
,0.0,104.7324167,31.4613601,429
,0.0,104.6309859,31.4615509,430
266.0,0.0,104.6309859,31.4615509,430
,0.0,104.6309859,31.4615509,430
,0.0,104.6309859,31.4615509,430
,0.0,104.7012954,31.4616362,431
710.0,2.0,104.7220722,31.4614365,432
,0.0,104.7220722,31.4614365,432
,0.0,104.7376809,31.461737,433
269.0,3.0,104.7220286,31.4615387,434
,0.0,104.6443558,31.4617767,435
,0.0,104.6443558,31.4617767,435
192.0,2.0,104.6443558,31.4617767,435
,0.0,104.7570216,31.4614542,436
,0.0,104.7570216,31.4614542,436
,0.0,104.7570216,31.4614542,436
,0.0,104.6143816,31.4618111,437
,0.0,104.6443558,31.4617767,438
375.0,0.0,104.6409,31.4618245,439
,0.0,104.6409,31.4618245,439
265.0,0.0,104.6409,31.4618245,439
,0.0,104.6409,31.4618245,439
,0.0,104.6409,31.4618245,439
520.0,1.0,104.7404594,31.4619546,440
,0.0,104.7231891,31.4616167,441
,0.0,104.7231891,31.4616167,441
,0.0,104.7090904,31.4616378,442
,0.0,104.7090904,31.4616378,442
,0.0,104.6360746,31.4631301,443
,0.0,104.6360746,31.4631301,443
,0.0,104.6360746,31.4631301,443
,0.0,104.6360746,31.4631301,443
,0.0,104.6360746,31.4631301,443
,0.0,104.6360746,31.4631301,443
700.0,3.0,104.6360746,31.4631301,443
,0.0,104.6360746,31.4631301,443
,0.0,104.6360746,31.4631301,443
,0.0,104.6360746,31.4631301,443
,0.0,104.6360746,31.4631301,443
,0.0,104.6360746,31.4631301,443
,0.0,104.6360746,31.4631301,443
,0.0,104.6360746,31.4631301,443
,0.0,104.6360746,31.4631301,443
,0.0,104.6360746,31.4631301,443
,0.0,104.6360746,31.4631301,443
,0.0,104.6360746,31.4631301,443
,0.0,104.6360746,31.4631301,443
,0.0,104.6360746,31.4631301,443
208.0,0.0,104.7533599,31.4619858,444
327.0,2.0,104.7533599,31.4619858,444
,0.0,104.7533599,31.4619858,444
,0.0,104.7671189,31.4619271,445
,0.0,104.7671189,31.4619271,445
,0.0,104.7363897,31.462136,446
,0.0,104.7363897,31.462136,446
38.0,2.0,104.7363897,31.462136,446
,0.0,104.7363897,31.462136,447
,0.0,104.7363897,31.462136,447
,0.0,104.7363897,31.462136,447
,0.0,104.7363897,31.462136,447
,0.0,104.7363897,31.462136,447
451.0,0.0,104.7363897,31.462136,447
,0.0,104.7363897,31.462136,447
,0.0,104.7363897,31.462136,447
,0.0,104.7363897,31.462136,447
,0.0,104.6835139,31.462242,448
,0.0,104.7239624,31.4622583,449
,0.0,104.7515528,31.4620363,450
,0.0,104.7515528,31.4620363,450
,0.0,104.6295095,31.4622028,451
,0.0,104.6295095,31.4622028,451
,0.0,104.6295095,31.4622028,451
305.0,0.0,104.705531,31.4623161,452
,0.0,104.6268823,31.4622386,453
,0.0,104.6268823,31.4622386,453
267.0,0.0,104.627483,31.4621897,453
,0.0,104.6268823,31.4622386,453
,0.0,104.627483,31.4621897,453
,0.0,104.627483,31.4621897,453
,0.0,104.6277739,31.4621644,453
,0.0,104.627483,31.4621897,453
,0.0,104.627483,31.4621897,453
,0.0,104.6268823,31.4622386,453
,0.0,104.627483,31.4621897,453
,0.0,104.627483,31.4621897,453
,0.0,104.627483,31.4621897,453
,0.0,104.7280585,31.4621261,454
,0.0,104.7495873,31.4624077,455
,0.0,104.7495873,31.4624077,455
,0.0,104.7495873,31.4624077,455
,0.0,104.6970522,31.4624964,456
374.0,0.0,104.6484053,31.4624577,457
,0.0,104.6484053,31.4624577,457
,0.0,104.6484053,31.4624577,457
,0.0,104.6323001,31.462219,458
,0.0,104.6323001,31.462219,458
,0.0,104.6323001,31.462219,458
448.0,0.0,104.6925684,31.4621578,459
,0.0,104.6925684,31.4621578,459
,0.0,104.6925684,31.4621578,459
180.0,0.0,104.7479587,31.4625463,460
474.0,0.0,104.7565332,31.4625749,461
156.0,0.0,104.7384984,31.4626222,462
235.0,0.0,104.7252047,31.4626347,463
,0.0,104.7297998,31.4626819,464
,0.0,104.6771216,31.462702,465
,0.0,104.7177308,31.4627174,466
786.0,2.0,104.7627456,31.4627998,467
,0.0,104.7627456,31.4627998,467
527.0,0.0,104.7627456,31.4627998,467
,0.0,104.7543393,31.462753,468
,0.0,104.7543393,31.462753,468
,0.0,104.7317243,31.4629697,469
497.0,0.0,104.7317243,31.4629697,469
,0.0,104.6442021,31.462954,470
,0.0,104.6442021,31.462954,470
,0.0,104.6678749,31.4629853,471
,0.0,104.6678749,31.4629853,471
,0.0,104.6503466,31.4629954,472
,0.0,104.6503466,31.4629954,472
214.0,3.0,104.7405043,31.463527,473
439.0,0.0,104.7405043,31.463527,473
,0.0,104.6790267,31.4631043,474
,0.0,104.6408919,31.4631249,475
,0.0,104.7706445,31.4631428,476
,0.0,104.6256247,31.4629782,477
,0.0,104.6256247,31.4629782,477
,0.0,104.6256247,31.4629782,477
,0.0,104.6360746,31.4631301,478
,0.0,104.6360746,31.4631301,478
,0.0,104.6360746,31.4631301,478
,0.0,104.6360746,31.4631301,478
,0.0,104.6360746,31.4631301,478
,0.0,104.6360746,31.4631301,478
,0.0,104.6360746,31.4631301,478
,0.0,104.6360746,31.4631301,478
,0.0,104.6360746,31.4631301,478
,0.0,104.6360746,31.4631301,478
,0.0,104.6360746,31.4631301,478
,0.0,104.6360746,31.4631301,478
,0.0,104.7271958,31.4633226,479
,0.0,104.7271958,31.4633226,479
,0.0,104.7271958,31.4633226,479
147.0,6.0,104.7271958,31.4633226,479
,0.0,104.6849087,31.4632074,480
481.0,0.0,104.6849087,31.4632074,480
,0.0,104.7199191,31.4632892,481
,0.0,104.6817146,31.463355,482
,0.0,104.7523847,31.4641177,483
509.0,0.0,104.7519292,31.4639811,483
,0.0,104.7523847,31.4641177,483
,0.0,104.7519292,31.4639811,483
325.0,3.0,104.7523847,31.4641177,483
,0.0,104.6728252,31.4635218,484
,0.0,104.6728252,31.4635218,484
538.0,1.0,104.6728252,31.4635218,484
407.0,0.0,104.7555534,31.4635977,485
,0.0,104.6779432,31.4635552,486
341.0,0.0,104.6779432,31.4635552,486
,0.0,104.614025,31.4635907,487
,0.0,104.614025,31.4635907,487
,0.0,104.614025,31.4635907,487
707.0,1.0,104.749528,31.4636411,488
,0.0,104.749528,31.4636411,488
663.0,1.0,104.7474158,31.4636577,489
,0.0,104.7474158,31.4636577,489
,0.0,104.7474158,31.4636577,489
,0.0,104.7664898,31.4633798,490
,0.0,104.7664898,31.4633798,490
,0.0,104.6304574,31.4636324,491
,0.0,104.6304574,31.4636324,491
,0.0,104.6304574,31.4636324,491
,0.0,104.6304574,31.4636324,491
,0.0,104.7615911,31.4637513,492
,0.0,104.7212912,31.4633913,493
,0.0,104.7212912,31.4633913,493
685.0,2.0,104.7293281,31.4639452,494
250.0,0.0,104.7293281,31.4639452,494
,0.0,104.7358576,31.4638165,495
,0.0,104.7358576,31.4638165,495
,0.0,104.7358576,31.4638165,495
,0.0,104.7358576,31.4638165,495
,0.0,104.763593,31.4639086,496
,0.0,104.763593,31.4639086,496
,0.0,104.763593,31.4639086,496
,0.0,104.7636466,31.4638738,496
533.0,0.0,104.763593,31.4639086,496
,0.0,104.763593,31.4639086,496
,0.0,104.7383197,31.4639542,497
,0.0,104.6286849,31.4640124,498
,0.0,104.6979322,31.4641521,499
,0.0,104.7519292,31.4639811,500
,0.0,104.7519292,31.4639811,500
,0.0,104.7519292,31.4639811,500
,0.0,104.7678811,31.464211,501
,0.0,104.7652253,31.4642233,502
415.0,0.0,104.6620267,31.4643144,503
,0.0,104.7528401,31.4642544,504
,0.0,104.7528401,31.4642544,504
,0.0,104.6528536,31.4643877,505
,0.0,104.6528536,31.4643877,505
,0.0,104.6528536,31.4643877,505
,0.0,104.6528536,31.4643877,505
,0.0,104.6528536,31.4643877,505
472.0,0.0,104.6528536,31.4643877,505
,0.0,104.6528536,31.4643877,505
,0.0,104.6528536,31.4643877,505
709.0,6.0,104.6209012,31.464642,506
,0.0,104.6209012,31.464642,506
,0.0,104.6276156,31.4646462,507
,0.0,104.7503403,31.4647267,508
237.0,1.0,104.7503403,31.4647267,508
324.0,0.0,104.7316149,31.4646312,509
,0.0,104.7316149,31.4646312,509
362.0,0.0,104.7316149,31.4646312,509
255.0,0.0,104.7316149,31.4646312,509
,0.0,104.7316149,31.4646312,509
706.0,4.0,104.6967044,31.4650774,510
,0.0,104.6967044,31.4650774,510
,0.0,104.6311484,31.4647736,511
406.0,1.0,104.7540192,31.4649117,512
,0.0,104.7329155,31.4649028,513
,0.0,104.7329155,31.4649028,513
540.0,0.0,104.6725672,31.464984,514
,0.0,104.7233003,31.4646812,515
382.0,0.0,104.7233003,31.4646812,515
,0.0,104.6969154,31.4651284,516
,0.0,104.6969154,31.4651284,516
,0.0,104.6969154,31.4651284,516
731.0,1.0,104.6969154,31.4651284,516
,0.0,104.6969154,31.4651284,516
,0.0,104.6248615,31.4649243,517
,0.0,104.6248615,31.4649243,517
,0.0,104.6248615,31.4649243,517
,0.0,104.6518085,31.4652629,518
201.0,0.0,104.7373817,31.4653596,519
,0.0,104.7373817,31.4653596,519
216.0,2.0,104.7373817,31.4653596,519
,0.0,104.7373817,31.4653596,519
528.0,0.0,104.7595018,31.4653401,520
460.0,6.0,104.7406819,31.4655495,521
,0.0,104.7406819,31.4655495,521
,0.0,104.7406819,31.4655495,521
,0.0,104.7406819,31.4655495,521
,0.0,104.7406819,31.4655495,521
300.0,0.0,104.7479105,31.466118,522
,0.0,104.7479105,31.466118,522
,0.0,104.7479105,31.466118,522
,0.0,104.7479105,31.466118,522
239.0,6.0,104.7479105,31.466118,522
178.0,0.0,104.7479105,31.466118,522
177.0,0.0,104.7479105,31.466118,522
,0.0,104.7479105,31.466118,522
483.0,0.0,104.6783836,31.4654279,523
202.0,4.0,104.7429271,31.4654325,524
,0.0,104.7258887,31.4653094,525
,0.0,104.7258887,31.4653094,525
,0.0,104.7258887,31.4653094,525
404.0,0.0,104.7258887,31.4653094,525
,0.0,104.7258887,31.4653094,525
,0.0,104.7258887,31.4653094,525
,0.0,104.6442816,31.4654584,526
,0.0,104.7649046,31.4654102,527
,0.0,104.7649046,31.4654102,527
,0.0,104.6629447,31.465611,528
277.0,2.0,104.7723748,31.4656126,529
,0.0,104.7406819,31.4655495,530
,0.0,104.7406819,31.4655495,530
,0.0,104.7630875,31.4653819,531
,0.0,104.7630875,31.4653819,531
,0.0,104.6934298,31.4657888,532
292.0,4.0,104.6934298,31.4657888,532
,0.0,104.625738,31.4655536,533
,0.0,104.625738,31.4655536,533
,0.0,104.7505506,31.4657982,534
525.0,0.0,104.659203,31.4658714,535
,0.0,104.7354984,31.4657849,536
,0.0,104.7354984,31.4657849,536
,0.0,104.7354984,31.4657849,536
,0.0,104.7354984,31.4657849,536
,0.0,104.7354984,31.4657849,536
,0.0,104.7354984,31.4657849,536
,0.0,104.7354984,31.4657849,536
,0.0,104.7354984,31.4657849,536
40.0,0.0,104.7354984,31.4657849,536
,0.0,104.7354984,31.4657849,536
,0.0,104.7354984,31.4657849,536
,0.0,104.7354984,31.4657849,536
,0.0,104.7354984,31.4657849,536
,0.0,104.7354984,31.4657849,536
,0.0,104.7354984,31.4657849,536
,0.0,104.7354984,31.4657849,536
,0.0,104.7354984,31.4657849,536
,0.0,104.7354984,31.4657849,536
22.0,0.0,104.7354984,31.4657849,536
,0.0,104.7354984,31.4657849,536
,0.0,104.7132246,31.466078,537
,0.0,104.6669997,31.4662184,538
262.0,0.0,104.6914858,31.4662345,539
,0.0,104.6318346,31.4663547,540
,0.0,104.7479105,31.466118,541
,0.0,104.7479105,31.466118,541
,0.0,104.7479105,31.466118,541
,0.0,104.7479105,31.466118,541
,0.0,104.7479105,31.466118,541
,0.0,104.7479105,31.466118,541
252.0,0.0,104.7479105,31.466118,541
,0.0,104.6287502,31.4661277,542
,0.0,104.6287502,31.4661277,542
,0.0,104.6287502,31.4661277,542
,0.0,104.6287502,31.4661277,542
473.0,1.0,104.7520063,31.4664091,543
,0.0,104.7270882,31.4663228,544
,0.0,104.7270882,31.4663228,544
,0.0,104.7270882,31.4663228,544
,0.0,104.7270882,31.4663228,544
503.0,0.0,104.7270882,31.4663228,544
,0.0,104.66973,31.4664923,545
443.0,0.0,104.6723203,31.4667222,546
438.0,0.0,104.6788201,31.4667842,547
,0.0,104.7489363,31.4665102,548
,0.0,104.7489363,31.4665102,548
,0.0,104.7489363,31.4665102,548
467.0,2.0,104.7698005,31.4668743,549
,0.0,104.7698005,31.4668743,549
496.0,3.0,104.7301992,31.4668558,550
,0.0,104.6243621,31.4667293,551
,0.0,104.6243621,31.4667293,551
,0.0,104.7584811,31.4666539,552
,0.0,104.7584811,31.4666539,552
,0.0,104.7613672,31.4670562,553
354.0,0.0,104.7573906,31.4670587,554
,0.0,104.7354933,31.4669867,555
,0.0,104.7354933,31.4669867,555
380.0,0.0,104.7354933,31.4669867,555
452.0,0.0,104.652245,31.4671132,556
413.0,0.0,104.740669,31.4671329,557
512.0,0.0,104.7314483,31.4673067,558
,0.0,104.6856626,31.4673085,559
273.0,4.0,104.6856626,31.4673085,559
,0.0,104.7735778,31.4673859,560
,0.0,104.7660729,31.4673517,561
,0.0,104.7660729,31.4673517,561
,0.0,104.715045,31.4675694,562
,0.0,104.6751384,31.4675937,563
176.0,0.0,104.7483837,31.4676471,564
,0.0,104.7483837,31.4676471,564
,0.0,104.6445571,31.4677231,565
,0.0,104.6445571,31.4677231,565
,0.0,104.7449594,31.4677748,566
,0.0,104.6205364,31.4678166,567
516.0,0.0,104.6939311,31.4679072,568
,0.0,104.6939311,31.4679072,568
,0.0,104.7609485,31.467938,569
,0.0,104.7589651,31.4680082,570
,0.0,104.7502187,31.4677793,571
,0.0,104.7502187,31.4677793,571
,0.0,104.7502187,31.4677793,571
387.0,0.0,104.7502187,31.4677793,571
,0.0,104.7502187,31.4677793,571
,0.0,104.6287015,31.4681049,572
,0.0,104.6521467,31.4681129,573
,0.0,104.6521467,31.4681129,573
,0.0,104.6696532,31.4681313,574
240.0,5.0,104.6792753,31.4681151,575
,0.0,104.6792753,31.4681151,575
,0.0,104.7182349,31.4679864,576
,0.0,104.7182349,31.4679864,576
323.0,0.0,104.7182349,31.4679864,576
,0.0,104.7182349,31.4679864,576
,0.0,104.7182349,31.4679864,576
,0.0,104.7158104,31.468281,577
,0.0,104.7284484,31.4679242,578
,0.0,104.7284484,31.4679242,578
508.0,0.0,104.7284484,31.4679242,578
578.0,0.0,104.7667192,31.4684869,579
397.0,0.0,104.7667192,31.4684869,579
,0.0,104.7667192,31.4684869,579
,0.0,104.6129638,31.4682646,580
,0.0,104.6129638,31.4682646,580
,0.0,104.6129638,31.4682646,580
,0.0,104.6580286,31.4686899,581
,0.0,104.7710738,31.4687003,582
,0.0,104.6255193,31.4684033,583
,0.0,104.6255193,31.4684033,583
,0.0,104.6255193,31.4684033,583
,0.0,104.6255193,31.4684033,583
,0.0,104.635152,31.468707,584
,0.0,104.7494353,31.4685773,585
,0.0,104.7494353,31.4685773,585
,0.0,104.6864904,31.468892,586
573.0,2.0,104.6596897,31.4688721,587
,0.0,104.6596897,31.4688721,587
,0.0,104.6628303,31.4691506,588
422.0,0.0,104.6362466,31.4691993,589
526.0,0.0,104.7549814,31.4690691,590
353.0,0.0,104.7549814,31.4690691,590
,0.0,104.7577784,31.4694383,591
,0.0,104.7139589,31.4692454,592
,0.0,104.7139589,31.4692454,592
,0.0,104.7139589,31.4692454,592
,0.0,104.7139589,31.4692454,592
,0.0,104.6202603,31.469445,593
,0.0,104.6202603,31.469445,593
,0.0,104.7716346,31.4694655,594
,0.0,104.6962107,31.4691283,595
,0.0,104.6962107,31.4691283,595
,0.0,104.694292,31.4695141,596
263.0,4.0,104.6732597,31.4699877,597
,0.0,104.6732597,31.4699877,597
,0.0,104.6732597,31.4699877,597
,0.0,104.6977056,31.4692453,598
,0.0,104.6977056,31.4692453,598
,0.0,104.7588512,31.4695707,599
565.0,3.0,104.740801,31.4695843,600
,0.0,104.7431196,31.4692912,601
,0.0,104.7431196,31.4692912,601
,0.0,104.7031649,31.4696561,602
,0.0,104.6664818,31.4696091,603
264.0,0.0,104.6664818,31.4696091,603
222.0,3.0,104.747951,31.470652,604
,0.0,104.747951,31.470652,604
,0.0,104.747951,31.470652,604
,0.0,104.747951,31.470652,604
,0.0,104.747951,31.470652,604
,0.0,104.747951,31.470652,604
,0.0,104.747951,31.470652,604
,0.0,104.747951,31.470652,604
203.0,0.0,104.728646,31.4696567,605
,0.0,104.728646,31.4696567,605
,0.0,104.728646,31.4696567,605
,0.0,104.728646,31.4696567,605
,0.0,104.728646,31.4696567,605
507.0,0.0,104.728646,31.4696567,605
259.0,0.0,104.7460806,31.4697032,606
257.0,0.0,104.7383274,31.4697154,607
306.0,0.0,104.6797102,31.4694169,608
,0.0,104.6797102,31.4694169,608
,0.0,104.7606372,31.4698486,609
405.0,0.0,104.7354769,31.4698275,610
,0.0,104.7354769,31.4698275,610
,0.0,104.7354769,31.4698275,610
,0.0,104.7354769,31.4698275,610
,0.0,104.7354769,31.4698275,610
,0.0,104.7354769,31.4698275,610
,0.0,104.7354769,31.4698275,610
,0.0,104.7354769,31.4698275,610
,0.0,104.7354769,31.4698275,610
,0.0,104.7354769,31.4698275,610
27.0,0.0,104.7354769,31.4698275,610
26.0,0.0,104.7354769,31.4698275,610
,0.0,104.7181879,31.4699615,611
,0.0,104.7156934,31.4699055,612
,0.0,104.7156934,31.4699055,612
,0.0,104.7156934,31.4699055,612
,0.0,104.7156934,31.4699055,612
,0.0,104.715644,31.4698969,612
,0.0,104.7156934,31.4699055,612
,0.0,104.7156934,31.4699055,612
,0.0,104.7156934,31.4699055,612
,0.0,104.7492816,31.4701158,613
270.0,5.0,104.7492816,31.4701158,613
,0.0,104.6903944,31.4701225,614
,0.0,104.6002133,31.4701346,615
,0.0,104.7675289,31.469813,616
,0.0,104.7675289,31.469813,616
,0.0,104.7675289,31.469813,616
480.0,0.0,104.7622966,31.4702154,617
,0.0,104.6223843,31.4703176,618
,0.0,104.7124411,31.4704526,619
,0.0,104.7124411,31.4704526,619
,0.0,104.6522604,31.4706184,620
,0.0,104.6522604,31.4706184,620
,0.0,104.6522604,31.4706184,620
,0.0,104.6522604,31.4706184,620
,0.0,104.6367707,31.4707359,621
,0.0,104.6870656,31.4707976,622
342.0,0.0,104.6858445,31.4708384,623
,0.0,104.6858445,31.4708384,623
261.0,0.0,104.7548958,31.4709603,624
,0.0,104.6454463,31.4709673,625
,0.0,104.6454463,31.4709673,625
557.0,0.0,104.7526381,31.4709698,626
,0.0,104.7526381,31.4709698,626
,0.0,104.747951,31.470652,627
,0.0,104.747951,31.470652,627
,0.0,104.747951,31.470652,627
356.0,0.0,104.6841483,31.4710758,628
204.0,0.0,104.7562259,31.4711101,629
,0.0,104.7677032,31.4711142,630
,0.0,104.7581004,31.4710907,631
190.0,3.0,104.7581004,31.4710907,631
,0.0,104.7609001,31.4715756,632
,0.0,104.7609001,31.4715756,632
,0.0,104.7609001,31.4715756,632
,0.0,104.7609001,31.4715756,632
280.0,2.0,104.7609001,31.4715756,632
291.0,0.0,104.7609001,31.4715756,632
,0.0,104.6195889,31.4711948,633
,0.0,104.6195889,31.4711948,633
494.0,0.0,104.6736303,31.4712732,634
,0.0,104.6257823,31.4713816,635
,0.0,104.6815828,31.4713979,636
,0.0,104.7027629,31.4714026,637
,0.0,104.7145336,31.4715319,638
482.0,0.0,104.6803706,31.471571,639
,0.0,104.7476023,31.4716288,640
,0.0,104.7609001,31.4715756,641
,0.0,104.6379978,31.4720283,642
,0.0,104.7643612,31.4718308,643
,0.0,104.7643612,31.4718308,643
,0.0,104.7125435,31.4719627,644
,0.0,104.7125435,31.4719627,644
,0.0,104.7125435,31.4719627,644
,0.0,104.7125435,31.4719627,644
,0.0,104.7294888,31.4720008,645
,0.0,104.7294888,31.4720008,645
400.0,0.0,104.7294888,31.4720008,645
421.0,0.0,104.6600508,31.4725063,646
,0.0,104.6335979,31.4726152,647
,0.0,104.6883332,31.4726312,648
,0.0,104.7660331,31.4727366,649
401.0,0.0,104.7660331,31.4727366,649
,0.0,104.6256033,31.4728496,650
256.0,0.0,104.7244409,31.4729008,651
384.0,4.0,104.6741087,31.4729151,652
,0.0,104.7353523,31.4727899,653
33.0,0.0,104.7353523,31.4727899,653
,0.0,104.7353523,31.4727899,653
34.0,0.0,104.7353523,31.4727899,653
,0.0,104.6310707,31.4729522,654
,0.0,104.6634197,31.473082,655
,0.0,104.7148361,31.4732354,656
,0.0,104.6459872,31.4732219,657
,0.0,104.6459872,31.4732219,657
,0.0,104.6182471,31.4732578,658
,0.0,104.7670602,31.4732625,659
,0.0,104.6659425,31.4734287,660
739.0,2.0,104.652655,31.4734134,661
,0.0,104.652655,31.4734134,661
,0.0,104.6823662,31.4732902,662
,0.0,104.6823662,31.4732902,662
,0.0,104.6823662,31.4732902,662
,0.0,104.6823662,31.4732902,662
,0.0,104.7118971,31.4736546,663
,0.0,104.7092232,31.4735253,664
392.0,0.0,104.7092232,31.4735253,664
,0.0,104.747114,31.4734972,665
,0.0,104.747114,31.4734972,665
171.0,1.0,104.747114,31.4734972,665
541.0,0.0,104.6701209,31.4738049,666
282.0,7.0,104.6860951,31.4738378,667
,0.0,104.6860951,31.4738378,667
,0.0,104.6806711,31.4738161,668
,0.0,104.6806711,31.4738161,668
,0.0,104.6806711,31.4738161,668
191.0,3.0,104.7646589,31.4740551,669
,0.0,104.7646589,31.4740551,669
,0.0,104.7646589,31.4740551,669
,0.0,104.7646589,31.4740551,669
563.0,0.0,104.7526055,31.474031,670
,0.0,104.7579566,31.4741005,671
,0.0,104.7646589,31.4740551,672
211.0,0.0,104.7383348,31.4741777,673
,0.0,104.6549682,31.474228,674
,0.0,104.705326,31.4741498,675
,0.0,104.705326,31.4741498,675
,0.0,104.7563662,31.4745008,676
,0.0,104.7563662,31.4745008,676
410.0,1.0,104.7462779,31.4745355,677
,0.0,104.6842718,31.4745665,678
,0.0,104.7026143,31.4745951,679
,0.0,104.7666913,31.4744006,680
,0.0,104.7666913,31.4744006,680
,0.0,104.7654314,31.4747118,681
350.0,0.0,104.67467,31.4748206,682
,0.0,104.6811311,31.474727,683
,0.0,104.6811311,31.474727,683
666.0,2.0,104.7341472,31.4753308,684
,0.0,104.7341472,31.4753308,684
,0.0,104.7329264,31.4748404,685
,0.0,104.7329264,31.4748404,685
,0.0,104.7329264,31.4748404,685
,0.0,104.6598389,31.4756011,686
478.0,0.0,104.6828602,31.4754586,687
,0.0,104.6828602,31.4754586,687
,0.0,104.6706574,31.4756532,688
,0.0,104.7071951,31.4756672,689
,0.0,104.6769486,31.475293,690
,0.0,104.6769486,31.475293,690
,0.0,104.6769486,31.475293,690
,0.0,104.6769486,31.475293,690
735.0,2.0,104.7685043,31.4757207,691
,0.0,104.6410158,31.4757308,692
,0.0,104.6410158,31.4757308,692
,0.0,104.720519,31.4759932,693
,0.0,104.720519,31.4759932,693
,0.0,104.7352739,31.4763806,694
344.0,0.0,104.6750642,31.4760528,695
,0.0,104.6750642,31.4760528,695
343.0,0.0,104.6771481,31.4764611,696
,0.0,104.6771481,31.4764611,696
,0.0,104.7662065,31.4764201,697
,0.0,104.7662065,31.4764201,697
,0.0,104.7662065,31.4764201,697
569.0,0.0,104.7662065,31.4764201,697
,0.0,104.7662065,31.4764201,697
,0.0,104.7662065,31.4764201,697
,0.0,104.7662065,31.4764201,697
,0.0,104.7662065,31.4764201,697
,0.0,104.7662065,31.4764201,697
,0.0,104.7662065,31.4764201,697
,0.0,104.7672748,31.476671,698
,0.0,104.7312381,31.4764679,699
,0.0,104.7312381,31.4764679,699
,0.0,104.6880286,31.4767115,700
345.0,0.0,104.6708397,31.4767421,701
,0.0,104.7557546,31.4767494,702
435.0,2.0,104.7300976,31.4767868,703
664.0,2.0,104.7541077,31.4769291,704
,0.0,104.7326463,31.4769178,705
,0.0,104.7326463,31.4769178,705
,0.0,104.733907,31.4771532,706
,0.0,104.6653465,31.4771538,707
544.0,0.0,104.6940874,31.4772617,708
,0.0,104.7123268,31.4773129,709
238.0,0.0,104.7190172,31.4773395,710
,0.0,104.6535686,31.4774584,711
,0.0,104.6535686,31.4774584,711
,0.0,104.7636533,31.477474,712
,0.0,104.7636533,31.477474,712
733.0,1.0,104.6886484,31.4776679,713
,0.0,104.7353499,31.4776677,714
32.0,0.0,104.7353499,31.4776677,714
447.0,0.0,104.6999306,31.47827,715
,0.0,104.764391,31.4783564,716
164.0,0.0,104.738355,31.4780565,717
,0.0,104.738355,31.4780565,717
458.0,0.0,104.7709044,31.4784778,718
,0.0,104.7537218,31.4783955,719
655.0,1.0,104.7537218,31.4783955,719
,0.0,104.7537218,31.4783955,719
,0.0,104.7537218,31.4783955,720
347.0,1.0,104.7432218,31.4788932,721
,0.0,104.6739855,31.4791084,722
,0.0,104.7129602,31.4790797,723
,0.0,104.7129602,31.4790797,723
,0.0,104.7129602,31.4790797,723
,0.0,104.7129602,31.4790797,723
,0.0,104.6897111,31.4792748,724
311.0,0.0,104.6897111,31.4792748,724
828.0,1.0,104.7687924,31.4804174,725
,0.0,104.7687924,31.4804174,725
,0.0,104.7180966,31.4796063,726
379.0,3.0,104.7026157,31.4797705,727
,0.0,104.6765408,31.4797236,728
,0.0,104.6765408,31.4797236,728
,0.0,104.6765408,31.4797236,728
,0.0,104.6765408,31.4797236,728
,0.0,104.6765408,31.4797236,728
,0.0,104.6763098,31.4796624,728
543.0,0.0,104.6954153,31.4799517,729
,0.0,104.6831954,31.479688,730
,0.0,104.6831954,31.479688,730
,0.0,104.7668496,31.4800456,731
389.0,4.0,104.7537405,31.4802385,732
,0.0,104.7537405,31.4802385,732
170.0,0.0,104.7456661,31.4802677,733
,0.0,104.7524999,31.4802756,734
332.0,3.0,104.750537,31.4802843,735
163.0,4.0,104.7383672,31.4803948,736
,0.0,104.6773375,31.480479,737
,0.0,104.764248,31.4805433,738
,0.0,104.7144988,31.480604,739
,0.0,104.7353521,31.4806285,740
42.0,9.0,104.7353521,31.4806285,740
368.0,2.0,104.7426807,31.4802338,741
,0.0,104.7426807,31.4802338,741
568.0,4.0,104.7688976,31.4806301,742
,0.0,104.7689974,31.4807172,742
,0.0,104.6333228,31.4805932,743
,0.0,104.6333228,31.4805932,743
,0.0,104.7092875,31.4806751,744
,0.0,104.7092875,31.4806751,744
,0.0,104.7092875,31.4806751,744
,0.0,104.7092875,31.4806751,744
,0.0,104.7689974,31.4807172,745
,0.0,104.7687978,31.4805431,745
,0.0,104.6296075,31.4808402,746
,0.0,104.7617438,31.4807934,747
,0.0,104.7617438,31.4807934,747
,0.0,104.7617438,31.4807934,747
,0.0,104.7602925,31.4809302,748
,0.0,104.719265,31.4809425,749
,0.0,104.6660117,31.4810242,750
,0.0,104.7120721,31.4810828,751
,0.0,104.6098462,31.4811047,752
,0.0,104.7109302,31.481195,753
274.0,3.0,104.7301857,31.4812084,754
542.0,0.0,104.6973547,31.4812604,755
,0.0,104.6761814,31.4812987,756
,0.0,104.6737037,31.4813196,757
,0.0,104.7052609,31.4813046,758
,0.0,104.7052609,31.4813046,758
390.0,0.0,104.755668,31.4814356,759
,0.0,104.755668,31.4814356,759
,0.0,104.755668,31.4814356,759
,0.0,104.7134826,31.4816248,760
,0.0,104.7134826,31.4816248,760
,0.0,104.7387697,31.4817852,761
536.0,0.0,104.6918725,31.4817785,762
,0.0,104.6918725,31.4817785,762
445.0,0.0,104.6847457,31.4819841,763
290.0,0.0,104.7071114,31.4820791,764
,0.0,104.7720973,31.4818303,765
,0.0,104.7720973,31.4818303,765
747.0,2.0,104.7634731,31.4819045,766
,0.0,104.7634731,31.4819045,766
,0.0,104.7634731,31.4819045,766
,0.0,104.6990653,31.4824699,767
289.0,0.0,104.6990653,31.4824699,767
,0.0,104.7612661,31.4824702,768
,0.0,104.7612661,31.4824702,768
570.0,0.0,104.7558726,31.4825781,769
,0.0,104.7684041,31.4825072,770
660.0,4.0,104.7684041,31.4825072,770
,0.0,104.7682887,31.4826353,771
696.0,2.0,104.7682887,31.4826353,771
,0.0,104.7195191,31.4832338,772
446.0,0.0,104.688855,31.483326,773
,0.0,104.754338,31.4829541,774
,0.0,104.754338,31.4829541,774
,0.0,104.7147551,31.4833574,775
,0.0,104.6752596,31.483301,776
,0.0,104.6752596,31.483301,776
,0.0,104.6752596,31.483301,776
,0.0,104.7295204,31.4834736,777
,0.0,104.6936639,31.4834629,778
310.0,0.0,104.6936639,31.4834629,778
162.0,0.0,104.7398652,31.4835132,779
,0.0,104.6532996,31.4835483,780
,0.0,104.7522043,31.4835656,781
,0.0,104.6739068,31.4833162,782
,0.0,104.6739068,31.4833162,782
,0.0,104.6739068,31.4833162,782
,0.0,104.6739068,31.4833162,782
,0.0,104.6739068,31.4833162,782
,0.0,104.6739068,31.4833162,782
,0.0,104.6739068,31.4833162,782
,0.0,104.6723785,31.4837099,783
419.0,0.0,104.6823758,31.4839495,784
,0.0,104.7665877,31.4839106,785
695.0,2.0,104.7665877,31.4839106,785
,0.0,104.7493799,31.4841692,786
,0.0,104.6636154,31.4841704,787
,0.0,104.7102617,31.4843237,788
,0.0,104.7102617,31.4843237,788
,0.0,104.6692115,31.4843441,789
,0.0,104.6692115,31.4843441,789
,0.0,104.7292848,31.4843921,790
,0.0,104.7686915,31.4844636,791
357.0,0.0,104.7019203,31.4844984,792
,0.0,104.6076,31.4846096,793
548.0,0.0,104.6866663,31.4848631,794
,0.0,104.7669514,31.4848861,795
,0.0,104.7669514,31.4848861,795
,0.0,104.7512134,31.4848301,796
,0.0,104.7512134,31.4848301,796
,0.0,104.6953565,31.4851508,797
288.0,4.0,104.6953565,31.4851508,797
,0.0,104.6953565,31.4851508,797
,0.0,104.6953565,31.4851508,797
,0.0,104.7303734,31.4849066,798
,0.0,104.7303734,31.4849066,798
,0.0,104.7185977,31.4851128,799
,0.0,104.6900356,31.4851479,800
,0.0,104.7715339,31.4854023,801
,0.0,104.7119962,31.4853718,802
732.0,1.0,104.7119962,31.4853718,802
,0.0,104.736508,31.4855236,803
,0.0,104.736508,31.4855236,803
,0.0,104.736508,31.4855236,803
,0.0,104.736508,31.4855236,803
219.0,0.0,104.7691945,31.485816,804
,0.0,104.7691945,31.485816,804
,0.0,104.7404037,31.4858675,805
,0.0,104.7259227,31.4859672,806
,0.0,104.7259227,31.4859672,806
711.0,2.0,104.7676795,31.486188,807
,0.0,104.6875459,31.4863045,808
691.0,2.0,104.7656124,31.4863085,809
,0.0,104.7077103,31.4863848,810
,0.0,104.7299856,31.4866394,811
231.0,0.0,104.7288561,31.4865685,811
,0.0,104.7299856,31.4866394,811
193.0,2.0,104.7299856,31.4866394,811
,0.0,104.7288561,31.4865685,811
254.0,5.0,104.7044223,31.4866595,812
,0.0,104.7044223,31.4866595,812
,0.0,104.7044223,31.4866595,812
,0.0,104.7044223,31.4866595,812
,0.0,104.7044223,31.4866595,812
,0.0,104.6636315,31.4864623,813
420.0,0.0,104.6798814,31.4865045,814
547.0,0.0,104.6836894,31.486478,815
,0.0,104.6836894,31.486478,815
,0.0,104.6726328,31.486486,816
,0.0,104.6726328,31.486486,816
,0.0,104.6726328,31.486486,816
,0.0,104.7288561,31.4865685,817
,0.0,104.7288561,31.4865685,817
,0.0,104.7288561,31.4865685,817
,0.0,104.7044223,31.4866595,818
,0.0,104.7044223,31.4866595,818
,0.0,104.7044223,31.4866595,818
169.0,0.0,104.7431957,31.4867873,819
,0.0,104.7314458,31.4867481,820
,0.0,104.7314458,31.4867481,820
,0.0,104.7314458,31.4867481,820
,0.0,104.602923,31.4868023,821
,0.0,104.602923,31.4868023,821
,0.0,104.602923,31.4868023,821
559.0,4.0,104.602923,31.4868023,821
,0.0,104.7365807,31.4870832,822
,0.0,104.7365807,31.4870832,822
45.0,6.0,104.7365807,31.4870832,822
,0.0,104.7365807,31.4870832,822
,0.0,104.7324979,31.4869746,823
,0.0,104.69127,31.4870399,824
287.0,0.0,104.69127,31.4870399,824
,0.0,104.6118474,31.4871116,825
,0.0,104.7390635,31.4871001,826
,0.0,104.7390635,31.4871001,826
,0.0,104.6749908,31.4869363,827
,0.0,104.6749908,31.4869363,827
,0.0,104.6749908,31.4869363,827
504.0,0.0,104.7402525,31.4875019,828
,0.0,104.7132945,31.4874845,829
866.0,2.0,104.7132945,31.4874845,829
,0.0,104.7293861,31.4876439,830
545.0,0.0,104.7061698,31.4876513,831
502.0,0.0,104.7519713,31.4875978,832
734.0,2.0,104.7519713,31.4875978,832
,0.0,104.6755651,31.4877356,833
416.0,0.0,104.6982342,31.4878597,834
,0.0,104.6982342,31.4878597,834
337.0,0.0,104.7544874,31.4878116,835
,0.0,104.7544874,31.4878116,835
,0.0,104.7544874,31.4878116,835
725.0,2.0,104.7683085,31.4880336,836
369.0,0.0,104.7683085,31.4880336,836
,0.0,104.7699419,31.4879771,837
,0.0,104.7699419,31.4879771,837
279.0,3.0,104.7699419,31.4879771,837
,0.0,104.7699419,31.4879771,837
,0.0,104.7639613,31.488092,838
,0.0,104.703191,31.4881649,839
253.0,0.0,104.703191,31.4881649,839
576.0,0.0,104.766097,31.4880378,840
,0.0,104.766097,31.4880378,840
,0.0,104.766097,31.4880378,840
,0.0,104.766097,31.4880378,840
454.0,0.0,104.7620381,31.4882639,841
399.0,1.0,104.7620381,31.4882639,841
,0.0,104.6887099,31.488205,842
200.0,0.0,104.6887099,31.488205,842
417.0,0.0,104.6809907,31.4883291,843
,0.0,104.727669,31.4882782,844
,0.0,104.727669,31.4882782,844
,0.0,104.7074826,31.4886992,845
199.0,3.0,104.7161405,31.4888002,846
,0.0,104.7161405,31.4888002,846
510.0,0.0,104.7291505,31.4887357,847
,0.0,104.7324034,31.4885003,848
,0.0,104.7324034,31.4885003,848
,0.0,104.6704403,31.4889632,849
,0.0,104.6704403,31.4889632,849
,0.0,104.6704403,31.4889632,849
,0.0,104.6704403,31.4889632,849
,0.0,104.6998219,31.4890806,850
,0.0,104.704352,31.4890897,851
,0.0,104.6683327,31.4892059,852
,0.0,104.6683327,31.4892059,852
,0.0,104.6683327,31.4892059,852
,0.0,104.6683327,31.4892059,852
,0.0,104.6683327,31.4892059,852
,0.0,104.7365242,31.489081,853
,0.0,104.7365242,31.489081,853
,0.0,104.7365242,31.489081,853
,0.0,104.7400574,31.4894131,854
,0.0,104.6662985,31.4894246,855
,0.0,104.6662985,31.4894246,855
,0.0,104.7323156,31.4894905,856
683.0,1.0,104.7704869,31.4895062,857
206.0,0.0,104.7704869,31.4895062,857
657.0,3.0,104.6853856,31.4897725,858
,0.0,104.6853856,31.4897725,858
,0.0,104.7053368,31.4897605,859
,0.0,104.685367,31.4898035,860
245.0,4.0,104.685367,31.4898035,860
,0.0,104.7689853,31.4898666,861
444.0,0.0,104.7084082,31.4900702,862
402.0,0.0,104.7676169,31.4901927,863
,0.0,104.7015962,31.4902553,864
373.0,6.0,104.7015962,31.4902553,864
,0.0,104.6934426,31.4903471,865
,0.0,104.7552859,31.4904607,866
,0.0,104.7626438,31.4905529,867
,0.0,104.6778011,31.4906312,868
,0.0,104.6778011,31.4906312,868
358.0,3.0,104.6778011,31.4906312,868
729.0,2.0,104.7492676,31.4906045,869
,0.0,104.6730406,31.4907532,870
230.0,0.0,104.7123113,31.4905949,871
,0.0,104.7123113,31.4905949,871
,0.0,104.7123113,31.4905949,871
,0.0,104.7605557,31.4907757,872
355.0,0.0,104.7027434,31.4908856,873
517.0,0.0,104.7286956,31.4909455,874
,0.0,104.7066672,31.4909499,875
,0.0,104.6679015,31.4909511,876
,0.0,104.6679015,31.4909511,876
,0.0,104.7200007,31.4910791,877
286.0,0.0,104.6827135,31.4910077,878
,0.0,104.6827135,31.4910077,878
,0.0,104.7713036,31.4910528,879
,0.0,104.7713036,31.4910528,879
293.0,0.0,104.7713036,31.4910528,879
531.0,2.0,104.7113674,31.4912808,880
487.0,0.0,104.7339634,31.4913069,881
,0.0,104.6624888,31.4914256,882
418.0,0.0,104.6906102,31.4914449,883
535.0,0.0,104.7038316,31.4914642,884
,0.0,104.7364143,31.4914829,885
25.0,2.0,104.7364143,31.4914829,885
,0.0,104.7470709,31.4916772,886
,0.0,104.7528001,31.4918173,887
333.0,0.0,104.76947,31.4918945,888
488.0,0.0,104.7397684,31.4920146,889
,0.0,104.7130777,31.4920277,890
,0.0,104.7498972,31.4920426,891
,0.0,104.7498972,31.4920426,891
,0.0,104.6946929,31.4921914,892
546.0,0.0,104.6742272,31.4923358,893
168.0,0.0,104.7425251,31.4923452,894
,0.0,104.709849,31.4920326,895
229.0,0.0,104.709849,31.4920326,895
529.0,0.0,104.7044477,31.4924363,896
,0.0,104.760639,31.4925076,897
,0.0,104.6792823,31.4926375,898
334.0,4.0,104.6792823,31.4926375,898
,0.0,104.6792823,31.4926375,898
830.0,1.0,104.7530668,31.4927316,899
,0.0,104.7530668,31.4927316,899
,0.0,104.6792823,31.4926375,900
737.0,1.0,104.7509091,31.4928917,901
,0.0,104.6869944,31.4929276,902
449.0,0.0,104.6869944,31.4929276,902
,0.0,104.716124,31.4929769,903
,0.0,104.7132827,31.4932641,904
,0.0,104.7677448,31.4934543,905
,0.0,104.7051823,31.4937412,906
220.0,6.0,104.7051823,31.4937412,906
,0.0,104.7051823,31.4937412,906
,0.0,104.6651291,31.4935821,907
457.0,1.0,104.7520248,31.4938527,908
,0.0,104.7520248,31.4938527,908
,0.0,104.7707107,31.4938029,909
,0.0,104.7106421,31.4938682,910
,0.0,104.6797427,31.4938334,911
,0.0,104.6797427,31.4938334,911
,0.0,104.6256754,31.4940812,912
826.0,1.0,104.7465882,31.4941532,913
298.0,0.0,104.6754932,31.4943507,914
,0.0,104.6754932,31.4943507,914
,0.0,104.7163584,31.494463,915
,0.0,104.7490555,31.4944666,916
,0.0,104.75381,31.4945498,917
340.0,0.0,104.7280846,31.4946878,918
,0.0,104.7029,31.4945282,919
,0.0,104.7029,31.4945282,919
228.0,0.0,104.7029,31.4945282,919
,0.0,104.6799746,31.4947893,920
,0.0,104.7058146,31.4948892,921
,0.0,104.75116,31.4948929,922
,0.0,104.6988677,31.4952719,923
,0.0,104.6988677,31.4952719,923
221.0,3.0,104.6988677,31.4952719,923
,0.0,104.6988677,31.4952719,923
,0.0,104.6988677,31.4952719,923
,0.0,104.7547273,31.495085,924
,0.0,104.7596583,31.495109,925
,0.0,104.6988677,31.4952719,926
,0.0,104.6988677,31.4952719,926
,0.0,104.6988677,31.4952719,926
,0.0,104.6988677,31.4952719,926
,0.0,104.6988677,31.4952719,926
,0.0,104.6804121,31.4956084,927
,0.0,104.70335,31.4956617,928
,0.0,104.6930253,31.4956616,929
198.0,0.0,104.6930253,31.4956616,929
248.0,0.0,104.696518,31.4954208,930
,0.0,104.696518,31.4954208,930
,0.0,104.7488104,31.4958763,931
,0.0,104.7585051,31.495933,932
,0.0,104.7585051,31.495933,932
,0.0,104.7522812,31.4960639,933
409.0,0.0,104.7326807,31.4960895,934
285.0,3.0,104.6886837,31.4962919,935
,0.0,104.6886837,31.4962919,935
,0.0,104.6886837,31.4962919,935
,0.0,104.6886837,31.4962919,935
,0.0,104.7162998,31.4965236,936
,0.0,104.7461193,31.4965579,937
,0.0,104.766443,31.4965354,938
,0.0,104.766443,31.4965354,938
,0.0,104.7043025,31.4965896,939
,0.0,104.7595333,31.4966196,940
,0.0,104.7343212,31.4966375,941
19.0,4.0,104.7343212,31.4966375,941
,0.0,104.7018295,31.4966859,942
,0.0,104.6835981,31.4967523,943
,0.0,104.6822437,31.4967653,944
,0.0,104.6851193,31.4967744,945
827.0,2.0,104.7493794,31.4971902,946
,0.0,104.7493794,31.4971902,946
,0.0,104.7085207,31.497108,947
,0.0,104.6804798,31.4974226,948
,0.0,104.6804798,31.4974226,948
,0.0,104.6804798,31.4974226,948
,0.0,104.7528334,31.4974321,949
,0.0,104.7528334,31.4974321,949
272.0,4.0,104.737321,31.4976079,950
,0.0,104.737321,31.4976079,950
,0.0,104.764635,31.4975839,951
,0.0,104.764635,31.4975839,951
,0.0,104.678887,31.4976195,952
,0.0,104.678887,31.4976195,952
189.0,2.0,104.7735466,31.4981568,953
,0.0,104.7034406,31.498172,954
,0.0,104.6170165,31.4983709,955
378.0,0.0,104.6772878,31.4983959,956
,0.0,104.6772878,31.4983959,956
,0.0,104.7409024,31.4988364,957
,0.0,104.7409024,31.4988364,957
167.0,0.0,104.7409024,31.4988364,957
699.0,2.0,104.7409024,31.4988364,957
468.0,4.0,104.7697667,31.499165,958
160.0,0.0,104.7366028,31.4993711,959
518.0,0.0,104.7306694,31.4994536,960
489.0,0.0,104.7306694,31.4994536,960
,0.0,104.7600301,31.499813,961
,0.0,104.7328988,31.50017,962
23.0,2.0,104.7328988,31.50017,962
,0.0,104.7667616,31.5000834,963
,0.0,104.7667616,31.5000834,963
,0.0,104.6824673,31.5001042,964
,0.0,104.6824673,31.5001042,964
,0.0,104.6824673,31.5001042,964
,0.0,104.7461785,31.5004311,965
,0.0,104.7461785,31.5004311,965
166.0,0.0,104.7406422,31.5006289,966
,0.0,104.7478113,31.5008913,967
,0.0,104.7478113,31.5008913,967
,0.0,104.7478113,31.5008913,967
388.0,0.0,104.7478113,31.5008913,967
,0.0,104.7478113,31.5008913,967
,0.0,104.7449895,31.5009809,968
159.0,0.0,104.7358722,31.5010833,969
,0.0,104.7358722,31.5010833,969
,0.0,104.7604071,31.5011187,970
,0.0,104.7604071,31.5011187,970
,0.0,104.6829554,31.501263,971
,0.0,104.6829554,31.501263,971
,0.0,104.6994275,31.5015437,972
,0.0,104.6801683,31.5020595,973
,0.0,104.7663358,31.5020406,974
,0.0,104.7663358,31.5020406,974
,0.0,104.7663358,31.5020406,974
,0.0,104.7663358,31.5020406,974
,0.0,104.7663358,31.5020406,974
,0.0,104.7663358,31.5020406,974
,0.0,104.6687649,31.5021832,975
,0.0,104.6687649,31.5021832,975
,0.0,104.6687649,31.5021832,975
284.0,0.0,104.6687649,31.5021832,975
,0.0,104.6775486,31.5024832,976
,0.0,104.6775486,31.5024832,976
,0.0,104.7272474,31.5026375,977
403.0,0.0,104.7272474,31.5026375,977
,0.0,104.7668387,31.5030079,978
,0.0,104.7473756,31.5033404,979
,0.0,104.7473756,31.5033404,979
,0.0,104.6778554,31.5033681,980
,0.0,104.7306957,31.5035874,981
24.0,1.0,104.7306957,31.5035874,981
,0.0,104.7565042,31.5037366,982
,0.0,104.7691397,31.5039283,983
,0.0,104.765078,31.5040117,984
,0.0,104.74323,31.5042374,985
,0.0,104.6562333,31.5043336,986
,0.0,104.672072,31.5044579,987
,0.0,104.7677423,31.5045165,988
,0.0,104.7451277,31.5049121,989
158.0,0.0,104.7331534,31.5050426,990
,0.0,104.6651728,31.5050802,991
,0.0,104.6651728,31.5050802,991
,0.0,104.6651728,31.5050802,991
197.0,0.0,104.6651728,31.5050802,991
,0.0,104.7641934,31.5052561,992
,0.0,104.60653,31.5057842,993
,0.0,104.6735438,31.505841,994
,0.0,104.7508632,31.5061117,995
278.0,4.0,104.772232,31.5061283,996
,0.0,104.76816,31.5060579,997
,0.0,104.76816,31.5060579,997
652.0,3.0,104.725694,31.5064776,998
,0.0,104.7632378,31.5066,999
721.0,4.0,104.7358274,31.5067912,1000
,0.0,104.6533149,31.5068034,1001
,0.0,104.6542914,31.5071784,1002
,0.0,104.7654604,31.5072737,1003
,0.0,104.76945,31.5073677,1004
,0.0,104.7612924,31.5074361,1005
,0.0,104.7507752,31.5076427,1006
,0.0,104.7468191,31.5077678,1007
,0.0,104.7640399,31.5078811,1008
,0.0,104.7736905,31.5084889,1009
,0.0,104.7623132,31.5086551,1010
,0.0,104.7663426,31.5086781,1011
,0.0,104.6561184,31.5086326,1012
,0.0,104.6561184,31.5086326,1012
,0.0,104.7649334,31.5093079,1013
,0.0,104.7709505,31.5096664,1014
,0.0,104.7669675,31.5096854,1015
,0.0,104.7634091,31.5099622,1016
,0.0,104.7398166,31.509776,1017
,0.0,104.7398166,31.509776,1017
,0.0,104.7507482,31.5101945,1018
,0.0,104.7655497,31.5102924,1019
,0.0,104.7231935,31.5103335,1020
,0.0,104.7695042,31.5103497,1021
,0.0,104.7406872,31.5104493,1022
,0.0,104.7427003,31.5106633,1023
,0.0,104.745699,31.5106679,1024
,0.0,104.7496476,31.5106779,1025
,0.0,104.6495159,31.5106266,1026
,0.0,104.6495159,31.5106266,1026
,0.0,104.6594513,31.5107425,1027
,0.0,104.7641998,31.5108622,1028
,0.0,104.7677863,31.5110834,1029
,0.0,104.7414919,31.5111709,1030
,0.0,104.7719336,31.5112014,1031
629.0,4.0,104.6775019,31.5116644,1032
,0.0,104.7468536,31.5119049,1033
,0.0,104.7213825,31.5119552,1034
,0.0,104.7664513,31.511911,1035
,0.0,104.7664513,31.511911,1035
,0.0,104.7652125,31.512259,1036
,0.0,104.7652125,31.512259,1036
,0.0,104.7727258,31.512489,1037
,0.0,104.6512153,31.5124415,1038
470.0,2.0,104.6512153,31.5124415,1038
,0.0,104.7496913,31.5126275,1039
,0.0,104.7227387,31.5126406,1040
44.0,4.0,104.7227387,31.5126406,1040
,0.0,104.6458195,31.5128542,1041
376.0,6.0,104.6600788,31.5128526,1042
,0.0,104.6600788,31.5128526,1042
,0.0,104.6600788,31.5128526,1042
,0.0,104.6600788,31.5128526,1043
,0.0,104.6600788,31.5128526,1043
712.0,2 ,104.7306957,31.5035874,981
653.0,1 ,104.7429271,31.4654325,524
662.0,2 ,104.7358274,31.5067912,1000
679.0,1 ,104.7646589,31.4740551,669
511.0,2 ,104.6713983,31.4511857,214
736.0,1 ,104.7492676,31.4906045,869
686.0,2 ,104.7397685,31.4543321,272
677.0,1 ,104.7482298,31.4588608,378
716.0,2 ,104.7685043,31.4757207,691
