KmlID,LONGITUDE,LATITUDE,MYID,SBBMNUM
0,104.76147,31.4008007,,0.0
1,104.7560523,31.4011801,,0.0
2,104.7659214,31.4013261,,0.0
3,104.7555746,31.4018449,,0.0
4,104.7606465,31.4026951,,0.0
5,104.7714836,31.4031452,,0.0
6,104.7651247,31.4032268,,0.0
7,104.7627462,31.4033875,,0.0
8,104.7177516,31.4034528,,0.0
9,104.7176933,31.4035776,,0.0
10,104.724476,31.4049527,,0.0
11,104.7247739,31.4049681,,0.0
12,104.7250592,31.4052881,,0.0
13,104.755481,31.405745,,0.0
14,104.7702563,31.4058641,,0.0
15,104.7199894,31.4066421,,0.0
16,104.7191032,31.4067486,,0.0
17,104.7589357,31.4067889,,0.0
18,104.7200838,31.4069475,,0.0
19,104.7202206,31.407362,,0.0
20,104.7193409,31.4074013,,0.0
21,104.7194897,31.4078233,,0.0
22,104.7543804,31.4078514,,0.0
23,104.7631143,31.4079939,,0.0
24,104.7203808,31.408047,,0.0
25,104.7196857,31.4083399,,0.0
26,104.6109608,31.4083945,,0.0
27,104.7180118,31.4084448,,0.0
28,104.7181191,31.4085124,,0.0
29,104.7182146,31.4085777,,0.0
30,104.7183204,31.4086443,,0.0
31,104.610934,31.4087562,,0.0
32,104.7580483,31.4089605,,0.0
33,104.7601103,31.4095971,,0.0
34,104.7686727,31.40973,,0.0
35,104.7538721,31.409878,,0.0
36,104.7621541,31.4102281,,0.0
37,104.7166348,31.4103073,,0.0
38,104.7203178,31.4104407,,0.0
39,104.720454,31.4104411,,0.0
40,104.7572267,31.4109483,,0.0
41,104.7205853,31.4110271,,0.0
42,104.7204608,31.4110892,,0.0
43,104.7735233,31.4112156,,0.0
44,104.7592632,31.4115852,,0.0
45,104.7146448,31.4121054,,0.0
46,104.7143398,31.412206,,0.0
47,104.7613042,31.4122234,,0.0
48,104.7564077,31.4129299,,0.0
49,104.7670681,31.4134366,,0.0
50,104.7584009,31.4135456,,0.0
51,104.760478,31.4141462,,0.0
52,104.7458856,31.414221,,0.0
53,104.7415775,31.4142746,391.0,0.0
54,104.7473003,31.4142764,,0.0
55,104.7413125,31.4144153,,0.0
56,104.748714,31.4144211,,0.0
57,104.741302,31.4144487,,0.0
58,104.7454776,31.4146277,,0.0
59,104.7529033,31.4148136,,0.0
60,104.7575381,31.4155071,,0.0
61,104.6370095,31.4156167,,0.0
62,104.7597923,31.4162624,361.0,0.0
63,104.6733133,31.4165477,,0.0
64,104.7462432,31.4169306,,0.0
65,104.7492044,31.4173472,,0.0
66,104.7490168,31.4174753,,0.0
67,104.7499341,31.4176218,,0.0
68,104.7496444,31.4177775,,0.0
69,104.7651528,31.4180063,360.0,0.0
70,104.7494674,31.4180064,,0.0
71,104.7477507,31.4181941,,0.0
72,104.6359086,31.4183848,,0.0
73,104.7599026,31.4194008,,0.0
74,104.7699893,31.4195314,320.0,0.0
75,104.6751896,31.4195579,,0.0
76,104.6625619,31.4195806,,0.0
77,104.7735994,31.4206403,740.0,2.0
78,104.7592991,31.4206989,,0.0
79,104.7577629,31.4207101,479.0,1.0
80,104.7599911,31.4208946,377.0,0.0
81,104.6759969,31.4212699,,0.0
82,104.6972422,31.421638,,0.0
83,104.7634654,31.4220348,187.0,4.0
84,104.6059558,31.422076,,0.0
85,104.7646818,31.422448,724.0,2.0
86,104.7350306,31.4230545,,0.0
87,104.7619819,31.4230818,,0.0
88,104.7617833,31.4231228,,0.0
89,104.7629583,31.4232592,,0.0
90,104.7682662,31.423689,466.0,0.0
91,104.7365607,31.4238156,,0.0
92,104.7627162,31.4238438,,0.0
93,104.735912,31.423949,,0.0
94,104.7360888,31.424136,,0.0
95,104.7494565,31.4241772,,0.0
96,104.7506085,31.424592,,0.0
97,104.7311805,31.4248808,,0.0
98,104.7722283,31.4250396,,0.0
99,104.7723327,31.4250677,186.0,4.0
100,104.7539965,31.4254645,,0.0
101,104.7675064,31.4254749,,0.0
102,104.747971,31.4261514,,0.0
103,104.7509658,31.4262526,,0.0
104,104.7506045,31.4262647,,0.0
105,104.7493278,31.4262885,,0.0
106,104.7632499,31.4263233,,0.0
107,104.7541445,31.4263744,,0.0
108,104.7549834,31.4263816,,0.0
109,104.755293,31.4263975,,0.0
110,104.7543923,31.4263977,,0.0
111,104.7628251,31.4264111,,0.0
112,104.7541654,31.4264673,,0.0
113,104.7550784,31.4265116,,0.0
114,104.7633341,31.4265652,,0.0
115,104.7670571,31.4265713,,0.0
116,104.7621886,31.4266723,,0.0
117,104.7542285,31.4267485,,0.0
118,104.7479707,31.4267521,,0.0
119,104.7488571,31.4267741,,0.0
120,104.7532663,31.4269019,,0.0
121,104.7505817,31.4269333,,0.0
122,104.7508942,31.4270795,,0.0
123,104.7481637,31.4272259,,0.0
124,104.7483319,31.427316,,0.0
125,104.6643498,31.4273273,,0.0
126,104.7636101,31.4273809,,0.0
127,104.7631803,31.4274736,,0.0
128,104.7624877,31.4276393,,0.0
129,104.7710378,31.4278105,,0.0
130,104.7711406,31.4278427,225.0,6.0
131,104.7326275,31.4280556,,0.0
132,104.7324191,31.428061,,0.0
133,104.7492248,31.4281475,,0.0
134,104.7472016,31.4282986,723.0,1.0
135,104.7470354,31.4284444,,0.0
136,104.7738217,31.4287227,,0.0
137,104.7640682,31.4287356,,0.0
138,104.7636273,31.4288098,,0.0
139,104.7491289,31.428917,455.0,0.0
140,104.7628901,31.4289869,,0.0
141,104.7247519,31.4290073,,0.0
142,104.7248698,31.4290126,,0.0
143,104.7482226,31.4291511,,0.0
144,104.7481154,31.429185,,0.0
145,104.7367481,31.4292995,,0.0
146,104.7642844,31.4293703,,0.0
147,104.680335,31.4294425,,0.0
148,104.7638489,31.4294725,,0.0
149,104.7449048,31.4294912,,0.0
150,104.7643568,31.4295784,429.0,0.0
151,104.6551187,31.4300911,,0.0
152,104.6804823,31.4301292,,0.0
153,104.7352837,31.430192,,0.0
154,104.7645524,31.4302865,,0.0
155,104.7698403,31.4305977,276.0,4.0
156,104.7646475,31.4306201,,0.0
157,104.7637541,31.4308179,,0.0
158,104.7485926,31.4311374,678.0,1.0
159,104.7486938,31.4312248,,0.0
160,104.7726115,31.4314849,318.0,0.0
161,104.7651528,31.4319776,317.0,0.0
162,104.7490298,31.4319841,,0.0
163,104.7516399,31.4322907,,0.0
164,104.7534585,31.4323937,,0.0
165,104.7280553,31.4323966,,0.0
166,104.6805413,31.4324199,,0.0
167,104.6806925,31.4325004,,0.0
168,104.740786,31.4328802,,0.0
169,104.6883108,31.4329186,,0.0
170,104.7687606,31.4331106,224.0,0.0
171,104.749234,31.4331901,,0.0
172,104.7513154,31.4335265,,0.0
173,104.7252244,31.433629,,0.0
174,104.7253597,31.4336359,,0.0
175,104.6677697,31.4338872,,0.0
176,104.7421905,31.4339042,,0.0
177,104.7425848,31.4339362,,0.0
178,104.7423219,31.4340049,,0.0
179,104.7715418,31.4340492,,0.0
180,104.7429408,31.4340858,,0.0
181,104.7423102,31.4340861,,0.0
182,104.7418497,31.4341056,,0.0
183,104.7419462,31.4341788,,0.0
184,104.742091,31.4343664,,0.0
185,104.7431085,31.4343868,,0.0
186,104.7512341,31.4344077,,0.0
187,104.742543,31.4345631,,0.0
188,104.7424487,31.4345709,,0.0
189,104.7549793,31.4345724,,0.0
190,104.7428683,31.4346437,,0.0
191,104.7431264,31.4350665,,0.0
192,104.7419686,31.4350871,,0.0
193,104.7251919,31.4351355,,0.0
194,104.6887503,31.4352518,,0.0
195,104.7434237,31.4352601,,0.0
196,104.6892706,31.4353089,,0.0
197,104.7165943,31.4353643,,0.0
198,104.7412913,31.4354583,,0.0
199,104.7536436,31.4354946,,0.0
200,104.7426812,31.4355196,,0.0
201,104.7423464,31.4355517,,0.0
202,104.7433893,31.4356249,,0.0
203,104.7431711,31.4358206,,0.0
204,104.7381647,31.43584,,0.0
205,104.7440964,31.4360178,,0.0
206,104.7419064,31.4360376,,0.0
207,104.7674583,31.4361482,,0.0
208,104.7673893,31.4363091,195.0,2.0
209,104.7291668,31.4365235,,0.0
210,104.6823251,31.4365762,,0.0
211,104.6817197,31.4367747,,0.0
212,104.7703026,31.4370192,,0.0
213,104.7476541,31.4372338,,0.0
214,104.7377702,31.4376184,,0.0
215,104.7729581,31.4378324,,0.0
216,104.7728987,31.4379738,694.0,6.0
217,104.75474,31.437989,,0.0
218,104.7474557,31.4382339,,0.0
219,104.7413669,31.4384258,339.0,2.0
220,104.725735,31.4386231,,0.0
221,104.7205234,31.4386755,,0.0
222,104.6415967,31.43879,,0.0
223,104.7251468,31.4387988,,0.0
224,104.7250254,31.4388171,,0.0
225,104.7395448,31.4396006,,0.0
226,104.7250069,31.4400303,632.0,3.0
227,104.6728353,31.440201,720.0,5.0
228,104.6729801,31.4405488,,0.0
229,104.6724562,31.4407625,,0.0
230,104.7147659,31.4408331,,0.0
231,104.7655486,31.4410399,46.0,4.0
232,104.7165166,31.4410625,,0.0
233,104.7656555,31.4410688,,0.0
234,104.6730084,31.4411172,,0.0
235,104.7714802,31.4413443,,0.0
236,104.6697501,31.4413751,,0.0
237,104.6702555,31.4415284,,0.0
238,104.7652973,31.4416552,,0.0
239,104.7542464,31.441685,,0.0
240,104.6738989,31.4418404,,0.0
241,104.724924,31.4418638,,0.0
242,104.7187437,31.4422938,,0.0
243,104.6675762,31.442376,,0.0
244,104.7681997,31.4428801,,0.0
245,104.7313747,31.4433747,426.0,0.0
246,104.7204111,31.4434935,,0.0
247,104.7270953,31.4438392,,0.0
248,104.7692173,31.4439231,,0.0
249,104.7209917,31.4439318,,0.0
250,104.6471902,31.4440076,,0.0
251,104.7281473,31.4443314,,0.0
252,104.7251985,31.4443719,,0.0
253,104.7250932,31.4443792,,0.0
254,104.7637619,31.4443811,,0.0
255,104.6404558,31.4443916,,0.0
256,104.725231,31.4445188,,0.0
257,104.7251172,31.4445319,,0.0
258,104.6646404,31.444582,,0.0
259,104.7635876,31.444591,41.0,4.0
260,104.7642034,31.4446502,,0.0
261,104.726323,31.4448442,,0.0
262,104.6431368,31.4450324,,0.0
263,104.7534997,31.4450715,,0.0
264,104.7254317,31.4451105,427.0,2.0
265,104.6459777,31.4451402,,0.0
266,104.7253253,31.4451423,,0.0
267,104.7162392,31.4452032,,0.0
268,104.6337678,31.4452452,,0.0
269,104.7517999,31.4452673,,0.0
270,104.7518692,31.445281,,0.0
271,104.752109,31.4453286,,0.0
272,104.7517803,31.4453593,20.0,2.0
273,104.7518512,31.4453734,,0.0
274,104.7477108,31.4454161,,0.0
275,104.762075,31.4454203,,0.0
276,104.6459339,31.4454883,,0.0
277,104.7532113,31.4455394,,0.0
278,104.7527061,31.4455431,,0.0
279,104.7256227,31.445676,,0.0
280,104.7255195,31.4457118,,0.0
281,104.7544193,31.4457798,,0.0
282,104.7501029,31.4457811,,0.0
283,104.7501148,31.4458697,550.0,0.0
284,104.654238,31.4459045,,0.0
285,104.6999149,31.445916,,0.0
286,104.7458338,31.4460157,,0.0
287,104.755214,31.4460612,21.0,1.0
288,104.7638468,31.4461621,,0.0
289,104.7362967,31.4462033,,0.0
290,104.6823383,31.4462077,,0.0
291,104.7184255,31.446226,,0.0
292,104.7455374,31.4462478,,0.0
293,104.6824098,31.4462616,,0.0
294,104.754819,31.4462685,,0.0
295,104.7465726,31.4463312,,0.0
296,104.7452808,31.4464047,,0.0
297,104.770751,31.4464516,,0.0
298,104.7453294,31.4464905,39.0,0.0
299,104.7191853,31.4466095,,0.0
300,104.7262892,31.4469713,,0.0
301,104.7261858,31.4470158,,0.0
302,104.7108555,31.4471608,,0.0
303,104.765165,31.4473318,,0.0
304,104.742433,31.4474536,,0.0
305,104.7415122,31.4475463,,0.0
306,104.6399557,31.4475788,,0.0
307,104.7415645,31.4476152,505.0,2.0
308,104.630578,31.4477385,,0.0
309,104.6304535,31.4477421,,0.0
310,104.6426667,31.4477769,,0.0
311,104.6856176,31.447904,,0.0
312,104.6305925,31.4479044,,0.0
313,104.6304207,31.4479067,,0.0
314,104.7219909,31.4479962,428.0,0.0
315,104.6456953,31.4479983,,0.0
316,104.7595547,31.4480373,,0.0
317,104.7616362,31.4482398,,0.0
318,104.7592241,31.4482929,,0.0
319,104.7443981,31.4483293,,0.0
320,104.7147033,31.4483445,,0.0
321,104.7520459,31.4484184,741.0,4.0
322,104.7519648,31.4484283,492.0,0.0
323,104.7525183,31.4485008,,0.0
324,104.752191,31.4485248,,0.0
325,104.6244488,31.4485699,,0.0
326,104.7514855,31.4485748,,0.0
327,104.7229583,31.4485882,,0.0
328,104.768725,31.448724,,0.0
329,104.7441905,31.4490224,,0.0
330,104.7443727,31.4490476,31.0,0.0
331,104.7494052,31.4491253,,0.0
332,104.7512269,31.4491493,,0.0
333,104.7713343,31.4491847,,0.0
334,104.7111655,31.4495517,,0.0
335,104.759938,31.4495521,,0.0
336,104.7440376,31.4495672,717.0,2.0
337,104.7280639,31.4496101,,0.0
338,104.6020718,31.4496152,,0.0
339,104.6019508,31.4496473,515.0,0.0
340,104.7727345,31.4496532,,0.0
341,104.6018291,31.4497246,,0.0
342,104.7562059,31.449764,,0.0
343,104.7599166,31.449964,697.0,2.0
344,104.7728768,31.4499669,,0.0
345,104.7603232,31.4499779,383.0,0.0
346,104.7209965,31.4500284,,0.0
347,104.7213603,31.4501751,,0.0
348,104.716043,31.4501984,,0.0
349,104.748191,31.4502162,,0.0
350,104.7160009,31.4502537,,0.0
351,104.6257642,31.4504473,,0.0
352,104.7211581,31.450471,,0.0
353,104.7521854,31.4504817,,0.0
354,104.7548945,31.4505079,,0.0
355,104.7382344,31.4505133,246.0,2.0
356,104.6856041,31.4505144,,0.0
357,104.7510876,31.4505374,,0.0
358,104.7524473,31.4505961,,0.0
359,104.7522905,31.4506017,,0.0
360,104.7620118,31.4506102,796.0,1.0
361,104.6526864,31.4506788,,0.0
362,104.7481558,31.4507042,,0.0
363,104.6422968,31.4507874,,0.0
364,104.6454387,31.4508756,,0.0
365,104.7254938,31.4508885,,0.0
366,104.639684,31.4508956,,0.0
367,104.6949229,31.4509047,,0.0
368,104.6373184,31.4509689,,0.0
369,104.6422621,31.4510072,,0.0
370,104.6396931,31.4511136,,0.0
371,104.7488509,31.4511263,,0.0
372,104.7213947,31.4511353,,0.0
373,104.6584051,31.4511377,,0.0
374,104.7684826,31.4511783,,0.0
375,104.6713983,31.4511857,667.0,6.0
376,104.6373276,31.4511868,,0.0
377,104.6810491,31.4512082,648.0,3.0
378,104.6046348,31.451223,641.0,2.0
379,104.7583189,31.4512568,411.0,0.0
380,104.6581252,31.4512628,,0.0
381,104.7584575,31.4512745,,0.0
382,104.6305635,31.4513098,,0.0
383,104.6297755,31.451312,,0.0
384,104.736177,31.4513165,,0.0
385,104.6256862,31.4513233,,0.0
386,104.6825315,31.4513377,,0.0
387,104.6737752,31.4513475,425.0,0.0
388,104.6811509,31.4513494,,0.0
389,104.7736123,31.45135,,0.0
390,104.6838367,31.4513511,,0.0
391,104.6808346,31.4513521,,0.0
392,104.6874295,31.4513627,,0.0
393,104.6744696,31.4513671,,0.0
394,104.6856133,31.4513694,,0.0
395,104.7361064,31.4513835,371.0,0.0
396,104.7189796,31.4514549,,0.0
397,104.7582463,31.4514642,,0.0
398,104.6744163,31.4515277,,0.0
399,104.6658035,31.451547,,0.0
400,104.7585983,31.4515716,,0.0
401,104.7188042,31.451654,553.0,0.0
402,104.7721201,31.4516679,,0.0
403,104.7194399,31.4516755,,0.0
404,104.7186517,31.4517155,,0.0
405,104.6171017,31.4517236,,0.0
406,104.7187487,31.4517638,,0.0
407,104.6172836,31.4517836,,0.0
408,104.7080299,31.451863,424.0,2.0
409,104.6889421,31.4518896,,0.0
410,104.7728401,31.4518899,,0.0
411,104.7577356,31.4519227,433.0,0.0
412,104.7580907,31.4519546,,0.0
413,104.75502,31.4519556,395.0,0.0
414,104.7589774,31.4519925,549.0,0.0
415,104.7524403,31.4520004,,0.0
416,104.7523422,31.4520065,184.0,4.0
417,104.7733091,31.4520345,,0.0
418,104.7432121,31.4520856,30.0,0.0
419,104.7506745,31.4520882,432.0,0.0
420,104.7715118,31.4521292,,0.0
421,104.7490009,31.4521522,363.0,0.0
422,104.6838312,31.4521682,,0.0
423,104.7473554,31.4521789,519.0,0.0
424,104.7123901,31.4522038,440.0,0.0
425,104.764226,31.4522468,,0.0
426,104.6910476,31.4523218,,0.0
427,104.605564,31.452344,558.0,0.0
428,104.7154453,31.4525444,414.0,0.0
429,104.7425887,31.4527075,,0.0
430,104.7700416,31.4527466,,0.0
431,104.7729942,31.4527759,,0.0
432,104.7427393,31.4528241,18.0,6.0
433,104.7715151,31.4528544,,0.0
434,104.7123335,31.4529064,,0.0
435,104.6234139,31.4529066,,0.0
436,104.7669918,31.4529189,,0.0
437,104.6234956,31.4529295,,0.0
438,104.6233974,31.4529632,,0.0
439,104.6234812,31.4529876,207.0,0.0
440,104.6942222,31.4530594,,0.0
441,104.7599547,31.4530925,175.0,0.0
442,104.7507646,31.4531101,,0.0
443,104.760022,31.4531865,,0.0
444,104.6279088,31.4532173,,0.0
445,104.6855664,31.4532439,,0.0
446,104.7491841,31.4532643,,0.0
447,104.6423858,31.4533431,,0.0
448,104.7680714,31.4533878,,0.0
449,104.7575287,31.4534359,,0.0
450,104.7575411,31.4534931,567.0,3.0
451,104.732466,31.4535057,,0.0
452,104.6855583,31.4536192,,0.0
453,104.743335,31.4536341,,0.0
454,104.6972832,31.4537206,642.0,3.0
455,104.7177232,31.4537708,495.0,1.0
456,104.7678104,31.4538095,,0.0
457,104.6905242,31.4538134,,0.0
458,104.7550764,31.4538653,174.0,0.0
459,104.7550842,31.4539233,,0.0
460,104.6812019,31.453983,577.0,0.0
461,104.7331368,31.4540179,,0.0
462,104.6806837,31.4540313,,0.0
463,104.7332417,31.4540478,331.0,0.0
464,104.7607062,31.4541194,,0.0
465,104.6570464,31.4541709,,0.0
466,104.7701355,31.454194,,0.0
467,104.7227484,31.4542026,,0.0
468,104.6565386,31.4542236,437.0,0.0
469,104.6279157,31.4542492,,0.0
470,104.7396903,31.4542581,,0.0
471,104.7526427,31.4542898,,0.0
472,104.7227119,31.4542924,,0.0
473,104.6569864,31.4542938,,0.0
474,104.7525549,31.4543072,242.0,0.0
475,104.654083,31.45432,,0.0
476,104.656058,31.4543291,,0.0
477,104.6282973,31.454361,,0.0
478,104.7526496,31.4543676,,0.0
479,104.7525623,31.454388,,0.0
480,104.7444731,31.4543983,551.0,0.0
481,104.7398467,31.4544061,29.0,2.0
482,104.7188204,31.4544181,690.0,1.0
483,104.7028941,31.4544243,,0.0
484,104.6230755,31.4544607,,0.0
485,104.648919,31.4544777,,0.0
486,104.6489213,31.4545341,,0.0
487,104.7028707,31.4545367,,0.0
488,104.6078667,31.4545745,,0.0
489,104.6937018,31.4545787,,0.0
490,104.6450473,31.4545977,281.0,3.0
491,104.7191646,31.4546243,,0.0
492,104.7508983,31.4546259,173.0,0.0
493,104.6077896,31.4546357,476.0,0.0
494,104.6450496,31.4546541,,0.0
495,104.7573954,31.4546592,506.0,0.0
496,104.7322135,31.4546669,,0.0
497,104.6996267,31.4546748,,0.0
498,104.7607169,31.454678,,0.0
499,104.6080365,31.4546873,,0.0
500,104.709245,31.4547095,,0.0
501,104.7467873,31.4547166,348.0,0.0
502,104.7148296,31.4547193,,0.0
503,104.6076809,31.4547207,,0.0
504,104.7322593,31.4547285,,0.0
505,104.7713105,31.4547416,572.0,3.0
506,104.7320955,31.4547506,275.0,3.0
507,104.6079542,31.4547561,,0.0
508,104.6393037,31.4547769,,0.0
509,104.7121821,31.4547893,,0.0
510,104.7321453,31.4548075,,0.0
511,104.6393061,31.4548333,,0.0
512,104.6078521,31.4548378,,0.0
513,104.7494448,31.4548454,,0.0
514,104.6359695,31.4548737,,0.0
515,104.635842,31.4548775,,0.0
516,104.7469401,31.4549063,,0.0
517,104.7164662,31.4549076,,0.0
518,104.6901562,31.4549289,,0.0
519,104.6358442,31.4549339,295.0,0.0
520,104.6307424,31.4549375,,0.0
521,104.7590149,31.4549689,,0.0
522,104.6901211,31.4549768,315.0,0.0
523,104.630395,31.4549854,338.0,0.0
524,104.7343962,31.4550021,456.0,0.0
525,104.7467157,31.455017,412.0,0.0
526,104.7276334,31.4550175,,0.0
527,104.7478051,31.4550384,,0.0
528,104.7164903,31.4550395,,0.0
529,104.7479266,31.455056,172.0,0.0
530,104.7625475,31.4551502,,0.0
531,104.7042279,31.4552094,554.0,0.0
532,104.7600397,31.4552442,,0.0
533,104.6966922,31.4552998,,0.0
534,104.760545,31.4553741,,0.0
535,104.7310612,31.4554387,,0.0
536,104.7647287,31.4554406,,0.0
537,104.7629712,31.4554499,491.0,0.0
538,104.7075175,31.4554811,522.0,0.0
539,104.7311297,31.4554993,370.0,0.0
540,104.764606,31.4555078,,0.0
541,104.7203777,31.4555149,534.0,0.0
542,104.7599146,31.4555286,,0.0
543,104.762871,31.4555423,,0.0
544,104.7628281,31.455575,,0.0
545,104.7644143,31.4556128,,0.0
546,104.7650394,31.4556205,,0.0
547,104.761511,31.4556223,,0.0
548,104.6288472,31.455662,,0.0
549,104.7086728,31.4557141,,0.0
550,104.7386257,31.4557204,36.0,0.0
551,104.7635425,31.4557702,,0.0
552,104.7649772,31.4557948,,0.0
553,104.7298917,31.4558383,,0.0
554,104.7624021,31.4558513,,0.0
555,104.7293585,31.455857,,0.0
556,104.7288797,31.4558793,,0.0
557,104.6992619,31.4559195,,0.0
558,104.7637422,31.4559809,,0.0
559,104.7294568,31.4559881,,0.0
560,104.6868803,31.4560307,,0.0
561,104.7181249,31.4560577,,0.0
562,104.7292964,31.4560715,185.0,3.0
563,104.7197065,31.4561005,,0.0
564,104.7120729,31.4561451,,0.0
565,104.7121097,31.4561519,499.0,4.0
566,104.7200282,31.4561757,,0.0
567,104.7291838,31.4561796,,0.0
568,104.7612745,31.4561837,,0.0
569,104.7575568,31.4561979,372.0,0.0
570,104.7067264,31.4562058,351.0,2.0
571,104.6512922,31.4562061,,0.0
572,104.7292466,31.456221,,0.0
573,104.7188687,31.4562578,,0.0
574,104.6489919,31.4562747,,0.0
575,104.7493805,31.4563417,,0.0
576,104.7544016,31.4563825,,0.0
577,104.7479287,31.4563829,461.0,0.0
578,104.7615309,31.4563901,,0.0
579,104.7214208,31.4563909,493.0,0.0
580,104.7528573,31.4564017,148.0,0.0
581,104.7527593,31.4564085,,0.0
582,104.7612366,31.456416,,0.0
583,104.7199142,31.456453,,0.0
584,104.7504373,31.4564745,669.0,1.0
585,104.7620748,31.4565018,,0.0
586,104.7637667,31.4565201,,0.0
587,104.7217082,31.4565215,,0.0
588,104.7141402,31.4565294,464.0,0.0
589,104.6551628,31.4565543,,0.0
590,104.7252373,31.4565656,,0.0
591,104.7254402,31.4565811,321.0,0.0
592,104.6279764,31.4566573,,0.0
593,104.737794,31.4567233,28.0,0.0
594,104.6811144,31.4567249,312.0,0.0
595,104.7598184,31.4567557,,0.0
596,104.7212613,31.4568118,,0.0
597,104.7612456,31.456833,,0.0
598,104.7615336,31.4568405,,0.0
599,104.7620673,31.4568543,,0.0
600,104.7159895,31.4568731,431.0,3.0
601,104.747842,31.4569296,,0.0
602,104.6448175,31.4569299,,0.0
603,104.7479347,31.4569697,183.0,0.0
604,104.6406704,31.4570225,,0.0
605,104.6393904,31.4570602,,0.0
606,104.7604706,31.4570612,,0.0
607,104.7413056,31.4570992,,0.0
608,104.7173324,31.457132,430.0,0.0
609,104.761531,31.45714,,0.0
610,104.6151688,31.4571493,,0.0
611,104.636088,31.4571574,,0.0
612,104.7261651,31.4571857,,0.0
613,104.7177184,31.4572065,328.0,0.0
614,104.6959606,31.4572963,314.0,0.0
615,104.7183374,31.4573221,,0.0
616,104.6959463,31.4573515,,0.0
617,104.6327342,31.4575214,,0.0
618,104.7624159,31.4575283,,0.0
619,104.7333156,31.4575323,309.0,4.0
620,104.7194697,31.4575337,463.0,0.0
621,104.6987484,31.4575508,,0.0
622,104.7375032,31.4575561,,0.0
623,104.7377104,31.4575999,37.0,6.0
624,104.743827,31.4576138,,0.0
625,104.6124199,31.4576314,719.0,4.0
626,104.7209016,31.4576315,498.0,0.0
627,104.7617344,31.4576714,,0.0
628,104.7544979,31.4577645,,0.0
629,104.7529889,31.4577686,297.0,0.0
630,104.7567207,31.4577746,,0.0
631,104.7528909,31.4577754,,0.0
632,104.7576401,31.4577788,434.0,1.0
633,104.7628297,31.4578721,,0.0
634,104.7604585,31.4578742,,0.0
635,104.7436529,31.4578942,552.0,0.0
636,104.7437409,31.4579265,,0.0
637,104.6513871,31.457985,,0.0
638,104.7629524,31.4579983,490.0,0.0
639,104.7138759,31.4580392,,0.0
640,104.6490673,31.4581189,,0.0
641,104.7608157,31.458125,,0.0
642,104.7604549,31.4581332,,0.0
643,104.7434971,31.458201,,0.0
644,104.6446915,31.4582607,,0.0
645,104.7372554,31.4583295,,0.0
646,104.7289427,31.4583308,313.0,0.0
647,104.7155986,31.4583466,394.0,0.0
648,104.6407223,31.4583557,,0.0
649,104.7373935,31.4583621,35.0,0.0
650,104.7069913,31.4584017,,0.0
651,104.6360854,31.4584666,,0.0
652,104.7190598,31.4585114,,0.0
653,104.707038,31.4585501,268.0,6.0
654,104.6923315,31.4585564,524.0,0.0
655,104.6322879,31.4585769,,0.0
656,104.7461018,31.4585816,,0.0
657,104.680899,31.4585878,,0.0
658,104.6810491,31.4585884,,0.0
659,104.6835425,31.4585977,,0.0
660,104.6924024,31.4586407,,0.0
661,104.7173281,31.458667,,0.0
662,104.6771691,31.4586844,,0.0
663,104.6808936,31.4586915,,0.0
664,104.6810545,31.4586921,,0.0
665,104.6835421,31.4587014,,0.0
666,104.6868394,31.4587076,,0.0
667,104.6146518,31.4587127,,0.0
668,104.6922765,31.4587177,,0.0
669,104.6148665,31.4587488,,0.0
670,104.7228347,31.4587661,,0.0
671,104.6146533,31.4587982,303.0,0.0
672,104.6148271,31.4588268,,0.0
673,104.7097852,31.4588268,684.0,2.0
674,104.7029151,31.4588281,523.0,0.0
675,104.6539925,31.4588288,,0.0
676,104.7246599,31.458853,,0.0
677,104.7485061,31.4588585,665.0,2.0
678,104.7479535,31.4588631,182.0,0.0
679,104.720345,31.4588997,,0.0
680,104.7604434,31.4589158,,0.0
681,104.6146542,31.4589227,,0.0
682,104.6148256,31.4589338,,0.0
683,104.7098034,31.4589708,566.0,0.0
684,104.7329261,31.4589732,453.0,0.0
685,104.6216572,31.4590136,,0.0
686,104.7461361,31.4590224,,0.0
687,104.6217859,31.4590379,,0.0
688,104.6216461,31.4590849,,0.0
689,104.6217648,31.4591116,,0.0
690,104.7188064,31.4591156,,0.0
691,104.7118255,31.4591206,,0.0
692,104.6216296,31.4591404,574.0,4.0
693,104.6216239,31.4591808,,0.0
694,104.6217372,31.4592064,,0.0
695,104.7202102,31.4592067,,0.0
696,104.6216117,31.4592205,,0.0
697,104.745879,31.459232,,0.0
698,104.621725,31.4592461,,0.0
699,104.7118429,31.4592645,575.0,5.0
700,104.7041149,31.4593654,,0.0
701,104.7135706,31.4593719,,0.0
702,104.6223095,31.4593741,656.0,2.0
703,104.7598143,31.459383,450.0,0.0
704,104.7497668,31.4594534,708.0,1.0
705,104.7010048,31.4594628,352.0,0.0
706,104.7041638,31.459485,738.0,0.0
707,104.7369264,31.4595022,,0.0
708,104.7135879,31.4595158,579.0,0.0
709,104.7370435,31.4595212,,0.0
710,104.7146667,31.4595298,,0.0
711,104.7037024,31.459544,,0.0
712,104.7368022,31.4595887,,0.0
713,104.7368998,31.4596034,,0.0
714,104.73701,31.459624,,0.0
715,104.7370897,31.4596343,,0.0
716,104.7152288,31.4596543,564.0,0.0
717,104.7146841,31.4596737,,0.0
718,104.7035813,31.4597265,,0.0
719,104.7219634,31.4597274,,0.0
720,104.6983982,31.45983,654.0,1.0
721,104.7578058,31.4599228,,0.0
722,104.7071595,31.4599795,,0.0
723,104.6267104,31.4600355,,0.0
724,104.7022499,31.4600448,,0.0
725,104.7118013,31.4600843,335.0,0.0
726,104.7166895,31.4600877,232.0,0.0
727,104.6266869,31.4601058,,0.0
728,104.7578218,31.4601073,743.0,1.0
729,104.7574804,31.4601332,,0.0
730,104.7570761,31.4601638,149.0,0.0
731,104.6266561,31.4601999,212.0,4.0
732,104.7562379,31.4602273,150.0,0.0
733,104.622665,31.4602319,,0.0
734,104.6514971,31.4602467,,0.0
735,104.6266146,31.4602832,,0.0
736,104.6329252,31.4602973,,0.0
737,104.6235172,31.4603038,,0.0
738,104.7281092,31.4603131,,0.0
739,104.7588392,31.4603615,436.0,1.0
740,104.7285365,31.4604142,,0.0
741,104.7288443,31.4604526,521.0,1.0
742,104.7532471,31.4604538,213.0,4.0
743,104.7531493,31.4604613,,0.0
744,104.7367586,31.4605042,530.0,0.0
745,104.7182371,31.4605423,233.0,6.0
746,104.7280099,31.4605474,,0.0
747,104.7514449,31.4605948,152.0,1.0
748,104.7286656,31.4606711,,0.0
749,104.6282525,31.4606854,267.0,0.0
750,104.7497881,31.460692,154.0,0.0
751,104.7489128,31.4607434,155.0,0.0
752,104.6282607,31.460756,,0.0
753,104.7479524,31.4607997,624.0,1.0
754,104.7478416,31.4608062,,0.0
755,104.7324095,31.4608275,,0.0
756,104.6731626,31.4608699,,0.0
757,104.7324021,31.4608724,,0.0
758,104.7251775,31.4608757,,0.0
759,104.7194657,31.4609032,234.0,0.0
760,104.7326891,31.4609228,462.0,0.0
761,104.7581371,31.4609566,,0.0
762,104.6647012,31.4609998,359.0,0.0
763,104.7222607,31.4610137,,0.0
764,104.71587,31.4610152,,0.0
765,104.7568806,31.4610165,,0.0
766,104.746168,31.4610293,687.0,1.0
767,104.728644,31.4611082,210.0,0.0
768,104.7566902,31.4611953,,0.0
769,104.7346441,31.4611976,,0.0
770,104.6835204,31.4612194,,0.0
771,104.7283018,31.4612326,,0.0
772,104.7284518,31.4612381,,0.0
773,104.7287767,31.4612501,,0.0
774,104.723349,31.4612578,,0.0
775,104.7093672,31.4612925,,0.0
776,104.7303057,31.4613065,157.0,0.0
777,104.627666,31.4613415,,0.0
778,104.6527708,31.461377,,0.0
779,104.6771353,31.4613795,,0.0
780,104.7072927,31.46138,,0.0
781,104.6312502,31.4614006,,0.0
782,104.736319,31.4614291,,0.0
783,104.7364009,31.4614473,,0.0
784,104.736528,31.4614647,,0.0
785,104.6529489,31.4614706,,0.0
786,104.7366217,31.46149,,0.0
787,104.7321972,31.4614936,271.0,4.0
788,104.6312111,31.4614976,,0.0
789,104.7042347,31.4615106,,0.0
790,104.7324612,31.4615302,,0.0
791,104.7281314,31.461541,,0.0
792,104.7362845,31.4615424,,0.0
793,104.6260773,31.4615532,,0.0
794,104.7363728,31.4615647,,0.0
795,104.6288901,31.461569,,0.0
796,104.6311859,31.4615756,266.0,0.0
797,104.6362273,31.4615758,,0.0
798,104.6274192,31.461586,,0.0
799,104.7364954,31.4615867,451.0,0.0
800,104.6307636,31.4615894,,0.0
801,104.6359025,31.4615953,,0.0
802,104.7365984,31.4616026,,0.0
803,104.6443802,31.461622,,0.0
804,104.7012954,31.4616362,,0.0
805,104.692385,31.4616486,,0.0
806,104.7219709,31.461655,710.0,2.0
807,104.6409881,31.4616637,375.0,0.0
808,104.6409026,31.4616675,,0.0
809,104.7532885,31.4616776,208.0,0.0
810,104.6443705,31.4616792,,0.0
811,104.6359057,31.4616876,,0.0
812,104.767111,31.4616977,,0.0
813,104.7284608,31.4617162,,0.0
814,104.6409001,31.4617173,,0.0
815,104.7376809,31.461737,,0.0
816,104.7219415,31.4617431,269.0,3.0
817,104.6268297,31.4617543,,0.0
818,104.6443652,31.4617563,192.0,2.0
819,104.7515331,31.461773,,0.0
820,104.632506,31.4617785,,0.0
821,104.6363051,31.4617794,,0.0
822,104.6365789,31.4617911,,0.0
823,104.7572578,31.4618025,,0.0
824,104.6409002,31.4618026,265.0,0.0
825,104.636435,31.4618056,,0.0
826,104.6143816,31.4618111,,0.0
827,104.6358759,31.4618138,,0.0
828,104.6356022,31.4618389,,0.0
829,104.6443414,31.4618499,,0.0
830,104.6930754,31.461898,,0.0
831,104.6408885,31.461902,,0.0
832,104.6360182,31.4619032,,0.0
833,104.6361722,31.4619047,,0.0
834,104.6360222,31.46191,,0.0
835,104.6362256,31.4619137,,0.0
836,104.6281734,31.4619513,,0.0
837,104.7404594,31.4619546,520.0,1.0
838,104.7230293,31.4619757,,0.0
839,104.6361714,31.46198,,0.0
840,104.6270199,31.4619813,,0.0
841,104.7088136,31.461983,,0.0
842,104.6360232,31.4619856,700.0,3.0
843,104.6297812,31.4620149,,0.0
844,104.6322447,31.4620176,,0.0
845,104.6361713,31.4620455,,0.0
846,104.7533316,31.4620525,327.0,2.0
847,104.6360224,31.4620538,,0.0
848,104.6362111,31.4620641,,0.0
849,104.6258583,31.4620653,,0.0
850,104.6360448,31.4620792,,0.0
851,104.7534098,31.4621064,,0.0
852,104.7361308,31.462122,,0.0
853,104.6278461,31.4621259,,0.0
854,104.7362277,31.4621429,,0.0
855,104.7278814,31.4621474,,0.0
856,104.7671269,31.4621565,,0.0
857,104.6361535,31.4621642,,0.0
858,104.7363593,31.4621689,38.0,2.0
859,104.6360024,31.4621704,,0.0
860,104.6293474,31.4621711,,0.0
861,104.6364729,31.4621746,,0.0
862,104.7364614,31.4621889,,0.0
863,104.6363351,31.4621956,,0.0
864,104.6358725,31.4622085,,0.0
865,104.6355794,31.4622093,,0.0
866,104.636653,31.4622142,,0.0
867,104.6265143,31.4622411,,0.0
868,104.6835139,31.462242,,0.0
869,104.7239624,31.4622583,,0.0
870,104.7515726,31.4622997,,0.0
871,104.6294548,31.4623126,,0.0
872,104.6359164,31.4623145,,0.0
873,104.705531,31.4623161,305.0,0.0
874,104.7631785,31.462358,,0.0
875,104.7502993,31.4623594,,0.0
876,104.6484433,31.4623681,,0.0
877,104.7498374,31.462381,,0.0
878,104.6273588,31.4623858,,0.0
879,104.636268,31.4624055,,0.0
880,104.7279685,31.4624077,,0.0
881,104.6359129,31.4624323,,0.0
882,104.6484113,31.4624402,,0.0
883,104.7491064,31.4624453,,0.0
884,104.6970522,31.4624964,,0.0
885,104.6483833,31.4625114,374.0,0.0
886,104.6322249,31.4625399,,0.0
887,104.6924066,31.4625422,448.0,0.0
888,104.7479587,31.4625463,180.0,0.0
889,104.6256465,31.4625606,,0.0
890,104.7565332,31.4625749,474.0,0.0
891,104.7541351,31.462611,,0.0
892,104.7384984,31.4626222,156.0,0.0
893,104.7252047,31.4626347,235.0,0.0
894,104.7297998,31.4626819,,0.0
895,104.6771216,31.462702,,0.0
896,104.7177308,31.4627174,,0.0
897,104.7627599,31.4628305,786.0,2.0
898,104.7545434,31.462895,,0.0
899,104.6441997,31.4629085,,0.0
900,104.7316152,31.4629541,,0.0
901,104.6499374,31.4629582,,0.0
902,104.6679189,31.4629648,,0.0
903,104.6260385,31.4629758,,0.0
904,104.7318335,31.4629853,497.0,0.0
905,104.7214155,31.4629898,,0.0
906,104.6442044,31.4629995,,0.0
907,104.7625219,31.4630054,527.0,0.0
908,104.667831,31.4630057,,0.0
909,104.6507559,31.4630326,,0.0
910,104.7516478,31.4630432,,0.0
911,104.7663281,31.4630764,,0.0
912,104.7404871,31.463101,214.0,3.0
913,104.6361761,31.4631031,,0.0
914,104.6790267,31.4631043,,0.0
915,104.6360273,31.4631117,,0.0
916,104.6408919,31.4631249,,0.0
917,104.7706445,31.4631428,,0.0
918,104.6849327,31.4631531,,0.0
919,104.6301151,31.4631821,,0.0
920,104.6254069,31.4631882,,0.0
921,104.6361722,31.4631942,,0.0
922,104.6360288,31.4631993,,0.0
923,104.7271093,31.4632117,147.0,6.0
924,104.7643227,31.4632157,,0.0
925,104.6848847,31.4632617,481.0,0.0
926,104.7273297,31.4632802,,0.0
927,104.7509198,31.4632863,,0.0
928,104.7199191,31.4632892,,0.0
929,104.7270391,31.4633038,,0.0
930,104.7507181,31.4633536,,0.0
931,104.6817146,31.463355,,0.0
932,104.7272623,31.4633703,,0.0
933,104.7519762,31.4633982,,0.0
934,104.7520493,31.4634543,325.0,3.0
935,104.6727379,31.4634814,,0.0
936,104.6728589,31.4634916,,0.0
937,104.6520354,31.4634938,,0.0
938,104.6779439,31.4635019,,0.0
939,104.6137378,31.4635499,,0.0
940,104.672852,31.4635572,538.0,1.0
941,104.7358532,31.4635769,,0.0
942,104.7359635,31.463594,,0.0
943,104.6140588,31.4635949,,0.0
944,104.7555534,31.4635977,407.0,0.0
945,104.6779424,31.4636086,341.0,0.0
946,104.6141516,31.4636089,,0.0
947,104.6521777,31.4636401,,0.0
948,104.7498741,31.4636403,,0.0
949,104.7491819,31.4636419,707.0,1.0
950,104.7478224,31.4636426,,0.0
951,104.7479311,31.4636447,663.0,1.0
952,104.6305232,31.4636617,,0.0
953,104.6304767,31.4636665,,0.0
954,104.7469548,31.4636718,,0.0
955,104.7666514,31.4636831,,0.0
956,104.630517,31.4637206,,0.0
957,104.6520773,31.4637239,472.0,0.0
958,104.6517957,31.4637464,,0.0
959,104.7615911,31.4637513,,0.0
960,104.7634651,31.4637717,,0.0
961,104.7211668,31.4637927,,0.0
962,104.7524807,31.4638064,,0.0
963,104.7635508,31.4638252,,0.0
964,104.7634636,31.463862,,0.0
965,104.7357715,31.4638623,,0.0
966,104.7293484,31.4638968,685.0,2.0
967,104.763666,31.4638972,533.0,0.0
968,104.7358753,31.463909,,0.0
969,104.7514108,31.4639392,509.0,0.0
970,104.7405214,31.4639529,439.0,0.0
971,104.7636101,31.4639535,,0.0
972,104.7383197,31.4639542,,0.0
973,104.7293078,31.4639935,250.0,0.0
974,104.6286849,31.4640124,,0.0
975,104.6525816,31.4641211,,0.0
976,104.7528702,31.4641242,,0.0
977,104.6979322,31.4641521,,0.0
978,104.7520906,31.4641931,,0.0
979,104.7678811,31.464211,,0.0
980,104.7652253,31.4642233,,0.0
981,104.6620267,31.4643144,415.0,0.0
982,104.6519518,31.4643229,,0.0
983,104.7531998,31.4643501,,0.0
984,104.7235013,31.4643699,,0.0
985,104.7310278,31.4644106,324.0,0.0
986,104.6530541,31.4644236,,0.0
987,104.7312526,31.4644794,,0.0
988,104.6531264,31.4645058,,0.0
989,104.7309987,31.4645109,,0.0
990,104.6248895,31.4645437,,0.0
991,104.731208,31.4645749,362.0,0.0
992,104.6208507,31.4646287,709.0,6.0
993,104.6276156,31.4646462,,0.0
994,104.6209517,31.4646552,,0.0
995,104.7259458,31.4646558,,0.0
996,104.6970482,31.4646582,,0.0
997,104.6253135,31.4646676,,0.0
998,104.7503253,31.4646737,237.0,1.0
999,104.7263291,31.4647064,,0.0
1000,104.7320911,31.4647359,255.0,0.0
1001,104.6970248,31.4647599,706.0,4.0
1002,104.6311484,31.4647736,,0.0
1003,104.7503553,31.4647798,,0.0
1004,104.6970263,31.464841,,0.0
1005,104.7354744,31.464845,,0.0
1006,104.732925,31.4648467,,0.0
1007,104.7357017,31.4648708,,0.0
1008,104.7540192,31.4649117,406.0,1.0
1009,104.6967431,31.4649244,,0.0
1010,104.732906,31.4649589,,0.0
1011,104.6725672,31.464984,540.0,0.0
1012,104.7230994,31.4649924,382.0,0.0
1013,104.7476081,31.4649965,,0.0
1014,104.7355089,31.4650041,,0.0
1015,104.735564,31.465009,,0.0
1016,104.7408188,31.4650282,,0.0
1017,104.696233,31.465038,,0.0
1018,104.726358,31.4650414,,0.0
1019,104.7350942,31.4650613,,0.0
1020,104.7481856,31.4650893,,0.0
1021,104.6964269,31.465109,,0.0
1022,104.7354241,31.465109,,0.0
1023,104.740407,31.4651196,,0.0
1024,104.7634533,31.4651253,,0.0
1025,104.7356309,31.4651362,40.0,0.0
1026,104.7351791,31.4651539,,0.0
1027,104.7359905,31.4651876,,0.0
1028,104.7255621,31.4651985,,0.0
1029,104.6973372,31.4652303,731.0,1.0
1030,104.6246216,31.465243,,0.0
1031,104.7480118,31.4652439,,0.0
1032,104.7478201,31.4652444,,0.0
1033,104.7358677,31.4652611,,0.0
1034,104.6518085,31.4652629,,0.0
1035,104.7351243,31.4652821,,0.0
1036,104.7482574,31.4652885,252.0,0.0
1037,104.7406129,31.465291,,0.0
1038,104.7376205,31.465305,,0.0
1039,104.7478557,31.4653069,,0.0
1040,104.7479535,31.4653083,,0.0
1041,104.7383239,31.4653097,216.0,2.0
1042,104.6258985,31.4653126,,0.0
1043,104.7650686,31.4653169,,0.0
1044,104.7261415,31.4653221,,0.0
1045,104.7348712,31.4653224,,0.0
1046,104.7595018,31.4653401,528.0,0.0
1047,104.735874,31.4653529,,0.0
1048,104.7406145,31.465361,460.0,6.0
1049,104.7375983,31.4653758,,0.0
1050,104.7369781,31.4653778,201.0,0.0
1051,104.735372,31.4653837,22.0,0.0
1052,104.7355796,31.4654085,,0.0
1053,104.7478596,31.4654223,,0.0
1054,104.7406158,31.4654247,,0.0
1055,104.7479569,31.4654272,239.0,6.0
1056,104.6783836,31.4654279,483.0,0.0
1057,104.7429271,31.4654325,202.0,4.0
1058,104.7257542,31.4654429,404.0,0.0
1059,104.6442816,31.4654584,,0.0
1060,104.7480391,31.4654611,,0.0
1061,104.7360177,31.4654635,,0.0
1062,104.7477986,31.4654654,,0.0
1063,104.7647405,31.4655034,,0.0
1064,104.6298284,31.4655189,,0.0
1065,104.6629447,31.465611,,0.0
1066,104.7723748,31.4656126,277.0,2.0
1067,104.7481581,31.4656128,,0.0
1068,104.7403975,31.4656134,,0.0
1069,104.7408576,31.4656183,,0.0
1070,104.7627216,31.4656385,,0.0
1071,104.7354093,31.4656386,,0.0
1072,104.7274814,31.4656459,503.0,0.0
1073,104.7354897,31.4656476,,0.0
1074,104.7475601,31.4656722,300.0,0.0
1075,104.6934148,31.4657328,292.0,4.0
1076,104.6255774,31.4657945,,0.0
1077,104.7505506,31.4657982,,0.0
1078,104.7353478,31.4658014,,0.0
1079,104.6934447,31.4658448,,0.0
1080,104.659203,31.4658714,525.0,0.0
1081,104.7355537,31.4658748,,0.0
1082,104.6291075,31.465926,,0.0
1083,104.6289004,31.4660429,,0.0
1084,104.7132246,31.466078,,0.0
1085,104.7492227,31.4660861,,0.0
1086,104.7479459,31.4661454,178.0,0.0
1087,104.7268827,31.4661983,,0.0
1088,104.6669997,31.4662184,,0.0
1089,104.7269252,31.4662272,,0.0
1090,104.6914858,31.4662345,262.0,0.0
1091,104.7582345,31.4663497,,0.0
1092,104.6318346,31.4663547,,0.0
1093,104.7488462,31.4663553,,0.0
1094,104.7479516,31.466363,177.0,0.0
1095,104.6283161,31.4663728,,0.0
1096,104.7270044,31.4663814,,0.0
1097,104.7520063,31.4664091,473.0,1.0
1098,104.7271473,31.4664176,,0.0
1099,104.66973,31.4664923,,0.0
1100,104.6241073,31.4665611,,0.0
1101,104.6723203,31.4667222,443.0,0.0
1102,104.6788201,31.4667842,438.0,0.0
1103,104.7488382,31.4667998,,0.0
1104,104.7697623,31.4668204,467.0,2.0
1105,104.7355172,31.4668557,,0.0
1106,104.7301992,31.4668558,496.0,3.0
1107,104.7354043,31.4668681,,0.0
1108,104.6246169,31.4668974,,0.0
1109,104.750199,31.4669056,,0.0
1110,104.7698387,31.4669283,,0.0
1111,104.7587278,31.4669581,,0.0
1112,104.7613672,31.4670562,,0.0
1113,104.7573906,31.4670587,354.0,0.0
1114,104.7355259,31.4671114,380.0,0.0
1115,104.652245,31.4671132,452.0,0.0
1116,104.740669,31.4671329,413.0,0.0
1117,104.6856535,31.467256,,0.0
1118,104.7659769,31.4672588,,0.0
1119,104.7314483,31.4673067,512.0,0.0
1120,104.6856718,31.467361,273.0,4.0
1121,104.7735778,31.4673859,,0.0
1122,104.766169,31.4674446,,0.0
1123,104.7496049,31.4674558,,0.0
1124,104.7508556,31.4674597,387.0,0.0
1125,104.7282371,31.467507,,0.0
1126,104.7281593,31.4675523,,0.0
1127,104.715045,31.4675694,,0.0
1128,104.6751384,31.4675937,,0.0
1129,104.7479446,31.4676471,176.0,0.0
1130,104.7488228,31.4676471,,0.0
1131,104.7165869,31.4676649,,0.0
1132,104.7175884,31.4676954,323.0,0.0
1133,104.6446685,31.4677096,,0.0
1134,104.7499062,31.467712,,0.0
1135,104.6444458,31.4677366,,0.0
1136,104.7449594,31.4677748,,0.0
1137,104.7180835,31.4677884,,0.0
1138,104.7185365,31.467802,,0.0
1139,104.6205364,31.4678166,,0.0
1140,104.6258776,31.4678239,,0.0
1141,104.6128829,31.467858,,0.0
1142,104.6130323,31.4678685,,0.0
1143,104.6939696,31.4678877,,0.0
1144,104.6257736,31.4678986,,0.0
1145,104.6938927,31.4679267,516.0,0.0
1146,104.7609485,31.467938,,0.0
1147,104.7589651,31.4680082,,0.0
1148,104.750295,31.4680425,,0.0
1149,104.6792579,31.4680597,,0.0
1150,104.6522986,31.4681036,,0.0
1151,104.6287015,31.4681049,,0.0
1152,104.6519948,31.4681223,,0.0
1153,104.6696532,31.4681313,,0.0
1154,104.6792928,31.4681705,240.0,5.0
1155,104.7184088,31.4682047,,0.0
1156,104.7158104,31.468281,,0.0
1157,104.7286986,31.4683187,508.0,0.0
1158,104.6251554,31.4683442,,0.0
1159,104.7491432,31.4683611,,0.0
1160,104.7666562,31.4684086,578.0,0.0
1161,104.7349174,31.4684596,405.0,0.0
1162,104.7668066,31.4684817,,0.0
1163,104.766707,31.4685287,397.0,0.0
1164,104.73555,31.4685416,27.0,0.0
1165,104.7353954,31.4685441,,0.0
1166,104.7141255,31.468653,,0.0
1167,104.6129699,31.4686659,,0.0
1168,104.6580286,31.4686899,,0.0
1169,104.7710738,31.4687003,,0.0
1170,104.6255482,31.4687039,,0.0
1171,104.635152,31.468707,,0.0
1172,104.6963072,31.4687607,,0.0
1173,104.7553482,31.4687746,526.0,0.0
1174,104.7497274,31.4687935,,0.0
1175,104.6596826,31.4688158,,0.0
1176,104.6864904,31.468892,,0.0
1177,104.6596969,31.4689283,573.0,2.0
1178,104.6977029,31.468957,,0.0
1179,104.7431078,31.4689819,,0.0
1180,104.6795723,31.469005,,0.0
1181,104.7139181,31.4690763,,0.0
1182,104.6628303,31.4691506,,0.0
1183,104.6362466,31.4691993,422.0,0.0
1184,104.7145576,31.4692304,,0.0
1185,104.7478833,31.4693142,,0.0
1186,104.7479885,31.4693174,,0.0
1187,104.7546145,31.4693636,353.0,0.0
1188,104.7152867,31.4693704,,0.0
1189,104.7353865,31.4693808,,0.0
1190,104.7163719,31.4693869,,0.0
1191,104.7355408,31.4693971,,0.0
1192,104.7673993,31.4694026,,0.0
1193,104.7355939,31.4694208,26.0,0.0
1194,104.6202095,31.4694353,,0.0
1195,104.7577784,31.4694383,,0.0
1196,104.7153663,31.4694399,,0.0
1197,104.7136281,31.4694434,,0.0
1198,104.6203111,31.4694547,,0.0
1199,104.767313,31.4694571,,0.0
1200,104.7716346,31.4694655,,0.0
1201,104.6961141,31.4694959,,0.0
1202,104.694292,31.4695141,,0.0
1203,104.6731215,31.4695193,263.0,4.0
1204,104.6977083,31.4695335,,0.0
1205,104.666486,31.4695523,,0.0
1206,104.7351411,31.4695545,,0.0
1207,104.7588512,31.4695707,,0.0
1208,104.729306,31.4695736,507.0,0.0
1209,104.740801,31.4695843,565.0,3.0
1210,104.7357242,31.4695862,,0.0
1211,104.7290062,31.4695871,,0.0
1212,104.7431314,31.4696006,,0.0
1213,104.7293196,31.4696102,,0.0
1214,104.7292381,31.4696151,203.0,0.0
1215,104.6731577,31.4696291,,0.0
1216,104.7474797,31.4696294,,0.0
1217,104.7290184,31.4696303,,0.0
1218,104.7031649,31.4696561,,0.0
1219,104.7351264,31.4696562,,0.0
1220,104.7478931,31.4696657,,0.0
1221,104.6664777,31.4696659,264.0,0.0
1222,104.7163628,31.4696739,,0.0
1223,104.7159626,31.4696903,,0.0
1224,104.7480115,31.4696903,222.0,3.0
1225,104.7281637,31.4696957,,0.0
1226,104.7460806,31.4697032,259.0,0.0
1227,104.7357193,31.4697044,,0.0
1228,104.7474743,31.4697061,,0.0
1229,104.7383274,31.4697154,257.0,0.0
1230,104.7153451,31.4697161,,0.0
1231,104.7478939,31.4697644,,0.0
1232,104.7480108,31.469784,,0.0
1233,104.679848,31.4698287,306.0,0.0
1234,104.7606372,31.4698486,,0.0
1235,104.7353597,31.4698874,,0.0
1236,104.7355125,31.4698899,,0.0
1237,104.7181879,31.4699615,,0.0
1238,104.7159732,31.4699742,,0.0
1239,104.715554,31.4699907,,0.0
1240,104.7478722,31.4700434,,0.0
1241,104.7493137,31.4700825,270.0,5.0
1242,104.6903944,31.4701225,,0.0
1243,104.6002133,31.4701346,,0.0
1244,104.7492495,31.4701492,,0.0
1245,104.6522934,31.4701786,,0.0
1246,104.7677017,31.4701962,,0.0
1247,104.7622966,31.4702154,480.0,0.0
1248,104.6223843,31.4703176,,0.0
1249,104.7124992,31.4703457,,0.0
1250,104.6733797,31.4704012,,0.0
1251,104.712383,31.4705596,,0.0
1252,104.6520255,31.4705757,,0.0
1253,104.7478745,31.4706096,,0.0
1254,104.6520354,31.4706982,,0.0
1255,104.6524235,31.4706991,,0.0
1256,104.6367707,31.4707359,,0.0
1257,104.6870656,31.4707976,,0.0
1258,104.6859069,31.4708343,,0.0
1259,104.685782,31.4708425,342.0,0.0
1260,104.7527017,31.4709121,557.0,0.0
1261,104.6455375,31.470949,,0.0
1262,104.7548958,31.4709603,261.0,0.0
1263,104.6453551,31.4709856,,0.0
1264,104.7580939,31.4710253,,0.0
1265,104.7525744,31.4710275,,0.0
1266,104.7480214,31.4710509,,0.0
1267,104.7605353,31.4710683,291.0,0.0
1268,104.6841483,31.4710758,356.0,0.0
1269,104.7562259,31.4711101,204.0,0.0
1270,104.7677032,31.4711142,,0.0
1271,104.7611081,31.4711233,,0.0
1272,104.7581068,31.471156,190.0,3.0
1273,104.6195416,31.4711761,,0.0
1274,104.7613152,31.4711833,280.0,2.0
1275,104.7604944,31.4712124,,0.0
1276,104.6196362,31.4712134,,0.0
1277,104.7608863,31.47125,,0.0
1278,104.6736303,31.4712732,494.0,0.0
1279,104.7611156,31.4713099,,0.0
1280,104.6257823,31.4713816,,0.0
1281,104.6815828,31.4713979,,0.0
1282,104.7027629,31.4714026,,0.0
1283,104.7145336,31.4715319,,0.0
1284,104.7294809,31.4715651,,0.0
1285,104.6803706,31.471571,482.0,0.0
1286,104.7294021,31.4715742,,0.0
1287,104.7639499,31.4716006,,0.0
1288,104.7476023,31.4716288,,0.0
1289,104.7129392,31.4717265,,0.0
1290,104.7120513,31.4718349,,0.0
1291,104.7608256,31.4718898,,0.0
1292,104.7116576,31.4718963,,0.0
1293,104.6379978,31.4720283,,0.0
1294,104.7647725,31.4720611,,0.0
1295,104.7130106,31.472087,,0.0
1296,104.7354508,31.4724067,34.0,0.0
1297,104.7353023,31.4724147,,0.0
1298,104.7295362,31.472432,400.0,0.0
1299,104.6600508,31.4725063,421.0,0.0
1300,104.6335979,31.4726152,,0.0
1301,104.6883332,31.4726312,,0.0
1302,104.7659637,31.472728,,0.0
1303,104.7661025,31.4727452,401.0,0.0
1304,104.6256033,31.4728496,,0.0
1305,104.7244409,31.4729008,256.0,0.0
1306,104.7354485,31.4729126,33.0,0.0
1307,104.6741087,31.4729151,384.0,4.0
1308,104.735292,31.4729183,,0.0
1309,104.6827836,31.4729396,,0.0
1310,104.6310707,31.4729522,,0.0
1311,104.6634197,31.473082,,0.0
1312,104.6822489,31.4731063,,0.0
1313,104.6821347,31.4731419,,0.0
1314,104.6460702,31.4732009,,0.0
1315,104.7148361,31.4732354,,0.0
1316,104.6459042,31.473243,,0.0
1317,104.7469967,31.4732461,,0.0
1318,104.6182471,31.4732578,,0.0
1319,104.7670602,31.4732625,,0.0
1320,104.7470859,31.4732633,,0.0
1321,104.6524589,31.4733426,,0.0
1322,104.7093201,31.4733599,,0.0
1323,104.6659425,31.4734287,,0.0
1324,104.680877,31.4734386,,0.0
1325,104.6528511,31.4734843,739.0,2.0
1326,104.6824068,31.473498,,0.0
1327,104.7652502,31.4735262,,0.0
1328,104.7118971,31.4736546,,0.0
1329,104.7091263,31.4736907,392.0,0.0
1330,104.7471867,31.4737397,171.0,1.0
1331,104.6701209,31.4738049,541.0,0.0
1332,104.6861542,31.4738187,,0.0
1333,104.6860359,31.4738569,282.0,7.0
1334,104.6809768,31.473887,,0.0
1335,104.7646596,31.473942,,0.0
1336,104.6804152,31.4739694,,0.0
1337,104.7052482,31.4740155,,0.0
1338,104.7647427,31.4740284,191.0,3.0
1339,104.7526055,31.474031,563.0,0.0
1340,104.7645378,31.4740565,,0.0
1341,104.7579566,31.4741005,,0.0
1342,104.766324,31.4741148,,0.0
1343,104.7646245,31.4741414,,0.0
1344,104.7383348,31.4741777,211.0,0.0
1345,104.6549682,31.474228,,0.0
1346,104.7054038,31.474284,,0.0
1347,104.7336097,31.4743014,,0.0
1348,104.6766753,31.4743693,,0.0
1349,104.7564703,31.4744667,,0.0
1350,104.7562622,31.4745349,,0.0
1351,104.7462779,31.4745355,410.0,1.0
1352,104.6842718,31.4745665,,0.0
1353,104.7026143,31.4745951,,0.0
1354,104.6815865,31.4746264,,0.0
1355,104.7670585,31.4746865,,0.0
1356,104.7654314,31.4747118,,0.0
1357,104.6768011,31.4747946,,0.0
1358,104.67467,31.4748206,350.0,0.0
1359,104.6806757,31.4748277,,0.0
1360,104.7328892,31.4748653,,0.0
1361,104.7344149,31.4749678,666.0,2.0
1362,104.7326033,31.4750973,,0.0
1363,104.6769349,31.4752465,,0.0
1364,104.6831368,31.4752838,,0.0
1365,104.7661548,31.4754477,,0.0
1366,104.6598389,31.4756011,,0.0
1367,104.6825835,31.4756334,478.0,0.0
1368,104.6706574,31.4756532,,0.0
1369,104.7071951,31.4756672,,0.0
1370,104.6770607,31.4756718,,0.0
1371,104.6749487,31.4756917,,0.0
1372,104.7338794,31.4756937,,0.0
1373,104.6410555,31.4757068,,0.0
1374,104.7685043,31.4757207,735.0,2.0
1375,104.6409761,31.4757548,,0.0
1376,104.7666733,31.4758683,,0.0
1377,104.7204638,31.4759605,,0.0
1378,104.7662461,31.4759918,,0.0
1379,104.7667608,31.4760146,,0.0
1380,104.7205742,31.4760259,,0.0
1381,104.7667676,31.4760804,,0.0
1382,104.7669074,31.476105,,0.0
1383,104.7666009,31.4761303,,0.0
1384,104.7665934,31.476188,569.0,0.0
1385,104.7314987,31.4762273,,0.0
1386,104.7352739,31.4763806,,0.0
1387,104.6751797,31.4764138,344.0,0.0
1388,104.7666644,31.4764512,,0.0
1389,104.6770012,31.4764586,,0.0
1390,104.6772951,31.4764637,343.0,0.0
1391,104.7657597,31.4765446,,0.0
1392,104.7672748,31.476671,,0.0
1393,104.7309775,31.4767086,,0.0
1394,104.6880286,31.4767115,,0.0
1395,104.7323176,31.4767201,,0.0
1396,104.6708397,31.4767421,345.0,0.0
1397,104.7557546,31.4767494,,0.0
1398,104.7300976,31.4767868,435.0,2.0
1399,104.7541077,31.4769291,664.0,2.0
1400,104.7329749,31.4771156,,0.0
1401,104.733907,31.4771532,,0.0
1402,104.6653465,31.4771538,,0.0
1403,104.6940874,31.4772617,544.0,0.0
1404,104.7123268,31.4773129,,0.0
1405,104.7190172,31.4773395,238.0,0.0
1406,104.6536289,31.4774458,,0.0
1407,104.7636961,31.4774552,,0.0
1408,104.6535083,31.477471,,0.0
1409,104.7636104,31.4774927,,0.0
1410,104.7383529,31.4776457,164.0,0.0
1411,104.7352757,31.4776659,,0.0
1412,104.6886484,31.4776679,733.0,1.0
1413,104.7354242,31.4776694,32.0,0.0
1414,104.7545293,31.4780007,,0.0
1415,104.7544175,31.478007,,0.0
1416,104.6999306,31.47827,447.0,0.0
1417,104.764391,31.4783564,,0.0
1418,104.7383572,31.4784673,,0.0
1419,104.7709044,31.4784778,458.0,0.0
1420,104.7538017,31.4784796,655.0,1.0
1421,104.7533061,31.4785492,,0.0
1422,104.7138289,31.4788604,,0.0
1423,104.7432218,31.4788932,347.0,1.0
1424,104.7138565,31.4789885,,0.0
1425,104.7130778,31.4790308,,0.0
1426,104.6758005,31.4790722,,0.0
1427,104.6739855,31.4791084,,0.0
1428,104.7124601,31.4791816,,0.0
1429,104.6897702,31.4792417,311.0,0.0
1430,104.689652,31.479308,,0.0
1431,104.6772537,31.4793781,,0.0
1432,104.6830122,31.4794119,,0.0
1433,104.6764979,31.479429,,0.0
1434,104.7684659,31.4795173,,0.0
1435,104.7683266,31.4795625,828.0,1.0
1436,104.6772708,31.4795866,,0.0
1437,104.7180966,31.4796063,,0.0
1438,104.6764739,31.4796463,,0.0
1439,104.7026157,31.4797705,379.0,3.0
1440,104.7429337,31.4798394,,0.0
1441,104.6763079,31.4798765,,0.0
1442,104.6954153,31.4799517,543.0,0.0
1443,104.6833786,31.4799641,,0.0
1444,104.7668496,31.4800456,,0.0
1445,104.7687569,31.4801934,,0.0
1446,104.7542097,31.4802048,389.0,4.0
1447,104.7456661,31.4802677,170.0,0.0
1448,104.7532712,31.4802722,,0.0
1449,104.7524999,31.4802756,,0.0
1450,104.750537,31.4802843,332.0,3.0
1451,104.7097908,31.4803663,,0.0
1452,104.7383672,31.4803948,163.0,4.0
1453,104.6332852,31.4804655,,0.0
1454,104.6773375,31.480479,,0.0
1455,104.7093004,31.4805081,,0.0
1456,104.764248,31.4805433,,0.0
1457,104.7693749,31.4805626,,0.0
1458,104.7094023,31.4805994,,0.0
1459,104.7144988,31.480604,,0.0
1460,104.7354452,31.4806224,42.0,9.0
1461,104.7424277,31.4806281,368.0,2.0
1462,104.735259,31.4806346,,0.0
1463,104.7687712,31.4806367,568.0,4.0
1464,104.762544,31.480718,,0.0
1465,104.6333605,31.4807209,,0.0
1466,104.761986,31.4807706,,0.0
1467,104.7091011,31.480832,,0.0
1468,104.7689216,31.4808347,,0.0
1469,104.6296075,31.4808402,,0.0
1470,104.7612226,31.4808425,,0.0
1471,104.7602925,31.4809302,,0.0
1472,104.719265,31.4809425,,0.0
1473,104.7553884,31.480977,390.0,0.0
1474,104.6660117,31.4810242,,0.0
1475,104.7120721,31.4810828,,0.0
1476,104.6098462,31.4811047,,0.0
1477,104.7109302,31.481195,,0.0
1478,104.7301857,31.4812084,274.0,3.0
1479,104.6973547,31.4812604,542.0,0.0
1480,104.7048698,31.4812807,,0.0
1481,104.6761814,31.4812987,,0.0
1482,104.6737037,31.4813196,,0.0
1483,104.7056521,31.4813285,,0.0
1484,104.7631273,31.4815698,,0.0
1485,104.7561329,31.4815746,,0.0
1486,104.7718175,31.4815768,,0.0
1487,104.7555755,31.4815953,,0.0
1488,104.7134319,31.4815982,,0.0
1489,104.7135332,31.4816513,,0.0
1490,104.6919256,31.481749,536.0,0.0
1491,104.7387697,31.4817852,,0.0
1492,104.7637919,31.4818018,,0.0
1493,104.6918193,31.4818079,,0.0
1494,104.6719067,31.481896,,0.0
1495,104.6847457,31.4819841,445.0,0.0
1496,104.7071114,31.4820791,290.0,0.0
1497,104.7723771,31.4820839,,0.0
1498,104.7685027,31.4821108,,0.0
1499,104.7634865,31.4821232,747.0,2.0
1500,104.768634,31.4821416,,0.0
1501,104.6728079,31.482294,,0.0
1502,104.6733122,31.4823489,,0.0
1503,104.7617388,31.4823964,,0.0
1504,104.6990097,31.4824186,289.0,0.0
1505,104.6991209,31.4825211,,0.0
1506,104.7607934,31.4825441,,0.0
1507,104.7544488,31.4825564,,0.0
1508,104.7558726,31.4825781,570.0,0.0
1509,104.6735964,31.4825937,,0.0
1510,104.7684706,31.4826321,660.0,4.0
1511,104.768058,31.4828916,696.0,2.0
1512,104.673757,31.4830332,,0.0
1513,104.6755704,31.4830832,,0.0
1514,104.7195191,31.4832338,,0.0
1515,104.6748892,31.4832522,,0.0
1516,104.6738539,31.4832982,,0.0
1517,104.688855,31.483326,446.0,0.0
1518,104.7542272,31.4833518,,0.0
1519,104.7147551,31.4833574,,0.0
1520,104.6752894,31.4834343,,0.0
1521,104.693732,31.4834475,310.0,0.0
1522,104.7295204,31.4834736,,0.0
1523,104.6935958,31.4834783,,0.0
1524,104.7398652,31.4835132,162.0,0.0
1525,104.6532996,31.4835483,,0.0
1526,104.7522043,31.4835656,,0.0
1527,104.6741435,31.483623,,0.0
1528,104.6723785,31.4837099,,0.0
1529,104.7668401,31.4837357,,0.0
1530,104.6823758,31.4839495,419.0,0.0
1531,104.7663354,31.4840854,695.0,2.0
1532,104.7493799,31.4841692,,0.0
1533,104.6636154,31.4841704,,0.0
1534,104.7102221,31.4842975,,0.0
1535,104.6691836,31.4843246,,0.0
1536,104.7103013,31.4843499,,0.0
1537,104.6692394,31.4843635,,0.0
1538,104.7292848,31.4843921,,0.0
1539,104.7686915,31.4844636,,0.0
1540,104.7019203,31.4844984,357.0,0.0
1541,104.6076,31.4846096,,0.0
1542,104.750858,31.4847175,,0.0
1543,104.7303989,31.484745,,0.0
1544,104.7672149,31.4848311,,0.0
1545,104.7365086,31.4848384,,0.0
1546,104.6866663,31.4848631,548.0,0.0
1547,104.7363906,31.4848805,,0.0
1548,104.7666879,31.484941,,0.0
1549,104.7515689,31.4849427,,0.0
1550,104.6953393,31.485025,288.0,4.0
1551,104.7119101,31.4850355,,0.0
1552,104.7303479,31.4850683,,0.0
1553,104.6952252,31.485093,,0.0
1554,104.7185977,31.4851128,,0.0
1555,104.6954511,31.4851327,,0.0
1556,104.6900356,31.4851479,,0.0
1557,104.6953464,31.4852056,,0.0
1558,104.7715339,31.4854023,,0.0
1559,104.7120823,31.4857082,732.0,1.0
1560,104.7366067,31.4857426,,0.0
1561,104.7364878,31.4857462,,0.0
1562,104.7692807,31.4857894,219.0,0.0
1563,104.7691084,31.4858426,,0.0
1564,104.7404037,31.4858675,,0.0
1565,104.7259285,31.4859271,,0.0
1566,104.7259168,31.4860073,,0.0
1567,104.7047817,31.4860187,,0.0
1568,104.7048791,31.4860641,,0.0
1569,104.7041551,31.4860827,,0.0
1570,104.7676795,31.486188,711.0,2.0
1571,104.7285595,31.4862008,,0.0
1572,104.728358,31.4863014,,0.0
1573,104.6875459,31.4863045,,0.0
1574,104.7656124,31.4863085,691.0,2.0
1575,104.7045123,31.4863308,,0.0
1576,104.7283367,31.4863762,,0.0
1577,104.672585,31.4863823,,0.0
1578,104.7077103,31.4863848,,0.0
1579,104.7297637,31.486386,193.0,2.0
1580,104.704606,31.4863976,254.0,5.0
1581,104.6837611,31.4864442,547.0,0.0
1582,104.6636315,31.4864623,,0.0
1583,104.6727342,31.4864817,,0.0
1584,104.6798814,31.4865045,420.0,0.0
1585,104.6836176,31.4865117,,0.0
1586,104.6726061,31.4865401,,0.0
1587,104.6750984,31.4866102,,0.0
1588,104.7303108,31.4866215,,0.0
1589,104.7283802,31.4866393,,0.0
1590,104.6029998,31.4866404,,0.0
1591,104.7049383,31.4866532,,0.0
1592,104.7293231,31.4866606,231.0,0.0
1593,104.7314183,31.4866674,,0.0
1594,104.603087,31.4866904,,0.0
1595,104.730291,31.4866965,,0.0
1596,104.7042227,31.4867019,,0.0
1597,104.7314478,31.4867244,,0.0
1598,104.7043601,31.4867305,,0.0
1599,104.6746118,31.48676,,0.0
1600,104.7431957,31.4867873,169.0,0.0
1601,104.7314586,31.4868002,,0.0
1602,104.6028248,31.4868149,,0.0
1603,104.6029119,31.4868645,559.0,4.0
1604,104.7364958,31.4868738,,0.0
1605,104.736639,31.4868748,45.0,6.0
1606,104.7324979,31.4869746,,0.0
1607,104.6912278,31.4869791,,0.0
1608,104.7391028,31.4870729,,0.0
1609,104.6913123,31.4871008,287.0,0.0
1610,104.6118474,31.4871116,,0.0
1611,104.7390243,31.4871273,,0.0
1612,104.7364989,31.4871489,,0.0
1613,104.7366283,31.4871547,,0.0
1614,104.6751265,31.4871875,,0.0
1615,104.7659962,31.4873536,,0.0
1616,104.7541631,31.4874181,,0.0
1617,104.7133419,31.4874633,,0.0
1618,104.7402525,31.4875019,504.0,0.0
1619,104.7132471,31.4875056,866.0,2.0
1620,104.7524881,31.4875297,502.0,0.0
1621,104.7293861,31.4876439,,0.0
1622,104.7061698,31.4876513,545.0,0.0
1623,104.7514545,31.4876659,734.0,2.0
1624,104.6755651,31.4877356,,0.0
1625,104.6982772,31.4878217,416.0,0.0
1626,104.7700235,31.4878527,,0.0
1627,104.7698287,31.4878725,,0.0
1628,104.6981911,31.4878976,,0.0
1629,104.754313,31.4879336,,0.0
1630,104.7547368,31.4879473,337.0,0.0
1631,104.7682901,31.4879596,725.0,2.0
1632,104.7700768,31.4880017,,0.0
1633,104.7698823,31.4880222,279.0,3.0
1634,104.7663543,31.4880454,576.0,0.0
1635,104.765394,31.4880641,,0.0
1636,104.7639613,31.488092,,0.0
1637,104.7277526,31.4880978,,0.0
1638,104.7683269,31.4881076,369.0,0.0
1639,104.7031534,31.4881384,,0.0
1640,104.6886716,31.48814,,0.0
1641,104.7324311,31.4881881,,0.0
1642,104.7032286,31.4881915,253.0,0.0
1643,104.7664093,31.4881939,,0.0
1644,104.7615627,31.4882583,454.0,0.0
1645,104.7625134,31.4882696,399.0,1.0
1646,104.6887481,31.4882699,200.0,0.0
1647,104.6809907,31.4883291,417.0,0.0
1648,104.7364604,31.4884282,,0.0
1649,104.7275854,31.4884586,,0.0
1650,104.7074826,31.4886992,,0.0
1651,104.716035,31.4887044,199.0,3.0
1652,104.7291505,31.4887357,510.0,0.0
1653,104.7323757,31.4888125,,0.0
1654,104.716246,31.488896,,0.0
1655,104.6704573,31.4889055,,0.0
1656,104.6705333,31.488928,,0.0
1657,104.670484,31.4889741,,0.0
1658,104.6703909,31.4889809,,0.0
1659,104.6998219,31.4890806,,0.0
1660,104.704352,31.4890897,,0.0
1661,104.6683783,31.4891501,,0.0
1662,104.6683173,31.4891511,,0.0
1663,104.6683174,31.4891524,,0.0
1664,104.6683734,31.4892195,,0.0
1665,104.6683125,31.4892262,,0.0
1666,104.7364599,31.4892984,,0.0
1667,104.7365882,31.4892988,,0.0
1668,104.6663099,31.4893895,,0.0
1669,104.7400574,31.4894131,,0.0
1670,104.6662871,31.4894597,,0.0
1671,104.7705693,31.4894866,206.0,0.0
1672,104.7323156,31.4894905,,0.0
1673,104.7704045,31.4895259,683.0,1.0
1674,104.6854117,31.4896532,657.0,3.0
1675,104.6852595,31.4897233,,0.0
1676,104.7053368,31.4897605,,0.0
1677,104.6854725,31.4897946,,0.0
1678,104.68533,31.4898654,245.0,4.0
1679,104.7689853,31.4898666,,0.0
1680,104.7084082,31.4900702,444.0,0.0
1681,104.7676169,31.4901927,402.0,0.0
1682,104.7015223,31.490208,,0.0
1683,104.7016701,31.4903026,373.0,6.0
1684,104.6934426,31.4903471,,0.0
1685,104.7127431,31.4903982,,0.0
1686,104.7552859,31.4904607,,0.0
1687,104.7125967,31.4904649,230.0,0.0
1688,104.6779512,31.4905282,,0.0
1689,104.7626438,31.4905529,,0.0
1690,104.6778647,31.4905892,358.0,3.0
1691,104.7492676,31.4906045,729.0,2.0
1692,104.6776944,31.4907038,,0.0
1693,104.6730406,31.4907532,,0.0
1694,104.7119528,31.4907582,,0.0
1695,104.7605557,31.4907757,,0.0
1696,104.772057,31.4908171,,0.0
1697,104.7027434,31.4908856,355.0,0.0
1698,104.6826612,31.4909327,286.0,0.0
1699,104.6678731,31.4909417,,0.0
1700,104.7286956,31.4909455,517.0,0.0
1701,104.7066672,31.4909499,,0.0
1702,104.66793,31.4909605,,0.0
1703,104.7200007,31.4910791,,0.0
1704,104.6827658,31.4910826,,0.0
1705,104.7711585,31.4910857,,0.0
1706,104.7709994,31.4911541,293.0,0.0
1707,104.7113674,31.4912808,531.0,2.0
1708,104.7339634,31.4913069,487.0,0.0
1709,104.6624888,31.4914256,,0.0
1710,104.6906102,31.4914449,418.0,0.0
1711,104.7038316,31.4914642,535.0,0.0
1712,104.7363566,31.4914725,,0.0
1713,104.7364721,31.4914933,25.0,2.0
1714,104.7470709,31.4916772,,0.0
1715,104.709522,31.4917199,229.0,0.0
1716,104.7528001,31.4918173,,0.0
1717,104.76947,31.4918945,333.0,0.0
1718,104.7494861,31.4919894,,0.0
1719,104.7397684,31.4920146,488.0,0.0
1720,104.7130777,31.4920277,,0.0
1721,104.7503083,31.4920957,,0.0
1722,104.6946929,31.4921914,,0.0
1723,104.6742272,31.4923358,546.0,0.0
1724,104.7425251,31.4923452,168.0,0.0
1725,104.7101759,31.4923453,,0.0
1726,104.7044477,31.4924363,529.0,0.0
1727,104.6794153,31.4924382,,0.0
1728,104.760639,31.4925076,,0.0
1729,104.6791116,31.4925677,,0.0
1730,104.6794892,31.4925928,334.0,4.0
1731,104.7532991,31.4926132,830.0,1.0
1732,104.6791883,31.492727,,0.0
1733,104.7528344,31.4928499,,0.0
1734,104.7509091,31.4928917,737.0,1.0
1735,104.6870681,31.4928975,449.0,0.0
1736,104.6869207,31.4929577,,0.0
1737,104.716124,31.4929769,,0.0
1738,104.7132827,31.4932641,,0.0
1739,104.7050373,31.4933667,,0.0
1740,104.7677448,31.4934543,,0.0
1741,104.705135,31.4935657,220.0,6.0
1742,104.6651291,31.4935821,,0.0
1743,104.6798374,31.4937386,,0.0
1744,104.7520667,31.4937604,457.0,1.0
1745,104.7707107,31.4938029,,0.0
1746,104.7106421,31.4938682,,0.0
1747,104.6796479,31.4939282,,0.0
1748,104.7519828,31.4939449,,0.0
1749,104.7052784,31.4940163,,0.0
1750,104.6256754,31.4940812,,0.0
1751,104.7465882,31.4941532,826.0,1.0
1752,104.6754461,31.4942686,,0.0
1753,104.7029034,31.4943162,228.0,0.0
1754,104.7027957,31.4943397,,0.0
1755,104.6990806,31.4943458,,0.0
1756,104.6988584,31.4943531,,0.0
1757,104.6755403,31.4944328,298.0,0.0
1758,104.7163584,31.494463,,0.0
1759,104.7490555,31.4944666,,0.0
1760,104.75381,31.4945498,,0.0
1761,104.7280846,31.4946878,340.0,0.0
1762,104.7029506,31.4947286,,0.0
1763,104.6996161,31.4947504,,0.0
1764,104.6799746,31.4947893,,0.0
1765,104.6989643,31.4948309,,0.0
1766,104.6987718,31.4948545,,0.0
1767,104.7058146,31.4948892,,0.0
1768,104.75116,31.4948929,,0.0
1769,104.6983929,31.4948969,,0.0
1770,104.6966255,31.4950422,248.0,0.0
1771,104.6990024,31.4950591,221.0,3.0
1772,104.6988897,31.4950728,,0.0
1773,104.6988038,31.4950843,,0.0
1774,104.7547273,31.495085,,0.0
1775,104.7596583,31.495109,,0.0
1776,104.6989019,31.4954968,,0.0
1777,104.6929598,31.4955565,,0.0
1778,104.6018604,31.4955809,,0.0
1779,104.6804121,31.4956084,,0.0
1780,104.70335,31.4956617,,0.0
1781,104.6930909,31.4957667,198.0,0.0
1782,104.6964105,31.4957993,,0.0
1783,104.7586668,31.4958077,,0.0
1784,104.7488104,31.4958763,,0.0
1785,104.7583435,31.4960583,,0.0
1786,104.7522812,31.4960639,,0.0
1787,104.7326807,31.4960895,409.0,0.0
1788,104.6887113,31.4961182,285.0,3.0
1789,104.6885294,31.4961422,,0.0
1790,104.6887948,31.496334,,0.0
1791,104.6886599,31.4963518,,0.0
1792,104.76593,31.496484,,0.0
1793,104.7162998,31.4965236,,0.0
1794,104.7461193,31.4965579,,0.0
1795,104.7669561,31.4965869,,0.0
1796,104.7043025,31.4965896,,0.0
1797,104.7342718,31.4966175,,0.0
1798,104.7595333,31.4966196,,0.0
1799,104.7343706,31.4966574,19.0,4.0
1800,104.7018295,31.4966859,,0.0
1801,104.6835981,31.4967523,,0.0
1802,104.6822437,31.4967653,,0.0
1803,104.6851193,31.4967744,,0.0
1804,104.7495828,31.4968735,827.0,2.0
1805,104.7085207,31.497108,,0.0
1806,104.7525488,31.4973138,,0.0
1807,104.6801069,31.4973494,,0.0
1808,104.680912,31.4973873,,0.0
1809,104.7647816,31.4973937,,0.0
1810,104.6792679,31.4974146,,0.0
1811,104.6804501,31.4974769,,0.0
1812,104.7491761,31.4975069,,0.0
1813,104.753118,31.4975504,,0.0
1814,104.7372955,31.4975999,272.0,4.0
1815,104.7373465,31.4976158,,0.0
1816,104.7644883,31.4977741,,0.0
1817,104.6785061,31.4978243,,0.0
1818,104.7735466,31.4981568,189.0,2.0
1819,104.7034406,31.498172,,0.0
1820,104.6775944,31.4981831,378.0,0.0
1821,104.6170165,31.4983709,,0.0
1822,104.7401975,31.4984658,,0.0
1823,104.7401757,31.4985151,,0.0
1824,104.7412055,31.4986072,167.0,0.0
1825,104.6769812,31.4986086,,0.0
1826,104.7411089,31.4991241,699.0,2.0
1827,104.7697667,31.499165,468.0,4.0
1828,104.7301762,31.4993116,489.0,0.0
1829,104.7366028,31.4993711,160.0,0.0
1830,104.7311627,31.4995957,518.0,0.0
1831,104.6818306,31.4997979,,0.0
1832,104.7600301,31.499813,,0.0
1833,104.7663798,31.4998572,,0.0
1834,104.6823762,31.4998614,,0.0
1835,104.7328493,31.5001554,,0.0
1836,104.7329482,31.5001846,23.0,2.0
1837,104.7671434,31.5003095,,0.0
1838,104.6828312,31.5003788,,0.0
1839,104.7461115,31.5004154,,0.0
1840,104.7462456,31.5004467,,0.0
1841,104.7406422,31.5006289,166.0,0.0
1842,104.7477566,31.5008037,,0.0
1843,104.7478496,31.5008328,,0.0
1844,104.7477375,31.5008483,,0.0
1845,104.7478333,31.5008705,388.0,0.0
1846,104.7478207,31.5009308,,0.0
1847,104.7449895,31.5009809,,0.0
1848,104.6832292,31.5010233,,0.0
1849,104.7358871,31.5010482,,0.0
1850,104.7607624,31.5011064,,0.0
1851,104.7358572,31.5011183,159.0,0.0
1852,104.7600519,31.501131,,0.0
1853,104.7653946,31.5012341,,0.0
1854,104.7663287,31.5014287,,0.0
1855,104.6826816,31.5015027,,0.0
1856,104.6994275,31.5015437,,0.0
1857,104.7667479,31.5016669,,0.0
1858,104.7660267,31.501845,,0.0
1859,104.6687371,31.5020386,,0.0
1860,104.6801683,31.5020595,,0.0
1861,104.7664572,31.502073,,0.0
1862,104.6686469,31.5020732,,0.0
1863,104.6688519,31.5021945,284.0,0.0
1864,104.7663601,31.5022086,,0.0
1865,104.6687577,31.5022412,,0.0
1866,104.6779724,31.5024085,,0.0
1867,104.6771248,31.5025579,,0.0
1868,104.7272047,31.5026291,,0.0
1869,104.7272901,31.502646,403.0,0.0
1870,104.7668387,31.5030079,,0.0
1871,104.7474149,31.5033147,,0.0
1872,104.7473364,31.5033662,,0.0
1873,104.6778554,31.5033681,,0.0
1874,104.7306413,31.5035689,,0.0
1875,104.7307502,31.5036059,24.0,1.0
1876,104.7565042,31.5037366,,0.0
1877,104.7691397,31.5039283,,0.0
1878,104.765078,31.5040117,,0.0
1879,104.74323,31.5042374,,0.0
1880,104.6562333,31.5043336,,0.0
1881,104.672072,31.5044579,,0.0
1882,104.7677423,31.5045165,,0.0
1883,104.7451277,31.5049121,,0.0
1884,104.6651525,31.5049169,,0.0
1885,104.6653102,31.5049669,,0.0
1886,104.7331534,31.5050426,158.0,0.0
1887,104.6650575,31.5051011,,0.0
1888,104.6652012,31.505139,197.0,0.0
1889,104.7641934,31.5052561,,0.0
1890,104.60653,31.5057842,,0.0
1891,104.6735438,31.505841,,0.0
1892,104.7685581,31.5058786,,0.0
1893,104.7508632,31.5061117,,0.0
1894,104.772232,31.5061283,278.0,4.0
1895,104.7677618,31.5062372,,0.0
1896,104.725694,31.5064776,652.0,3.0
1897,104.7632378,31.5066,,0.0
1898,104.7358274,31.5067912,721.0,4.0
1899,104.6533149,31.5068034,,0.0
1900,104.6542914,31.5071784,,0.0
1901,104.7654604,31.5072737,,0.0
1902,104.76945,31.5073677,,0.0
1903,104.7612924,31.5074361,,0.0
1904,104.7507752,31.5076427,,0.0
1905,104.7468191,31.5077678,,0.0
1906,104.7640399,31.5078811,,0.0
1907,104.7736905,31.5084889,,0.0
1908,104.6560341,31.5085632,,0.0
1909,104.7623132,31.5086551,,0.0
1910,104.7663426,31.5086781,,0.0
1911,104.6562027,31.5087019,,0.0
1912,104.7649334,31.5093079,,0.0
1913,104.7399469,31.5095325,,0.0
1914,104.7709505,31.5096664,,0.0
1915,104.7669675,31.5096854,,0.0
1916,104.7634091,31.5099622,,0.0
1917,104.7396862,31.5100196,,0.0
1918,104.7507482,31.5101945,,0.0
1919,104.7655497,31.5102924,,0.0
1920,104.7231935,31.5103335,,0.0
1921,104.7695042,31.5103497,,0.0
1922,104.7406872,31.5104493,,0.0
1923,104.6494498,31.5105687,,0.0
1924,104.7427003,31.5106633,,0.0
1925,104.745699,31.5106679,,0.0
1926,104.7496476,31.5106779,,0.0
1927,104.6495819,31.5106845,,0.0
1928,104.6594513,31.5107425,,0.0
1929,104.7641998,31.5108622,,0.0
1930,104.7677863,31.5110834,,0.0
1931,104.7414919,31.5111709,,0.0
1932,104.7719336,31.5112014,,0.0
1933,104.6775019,31.5116644,629.0,4.0
1934,104.7664328,31.5117028,,0.0
1935,104.6533574,31.5117414,,0.0
1936,104.7468536,31.5119049,,0.0
1937,104.7213825,31.5119552,,0.0
1938,104.7664697,31.5121192,,0.0
1939,104.7654093,31.5121693,,0.0
1940,104.6511408,31.5123457,,0.0
1941,104.7650156,31.5123487,,0.0
1942,104.7727258,31.512489,,0.0
1943,104.6512898,31.5125374,470.0,2.0
1944,104.7226841,31.5126222,,0.0
1945,104.7496913,31.5126275,,0.0
1946,104.6602597,31.5126344,,0.0
1947,104.6604928,31.5126505,,0.0
1948,104.7227933,31.5126589,44.0,4.0
1949,104.6603524,31.5127336,,0.0
1950,104.7180637,31.5127709,,0.0
1951,104.6458195,31.5128542,,0.0
1952,104.6598435,31.5128737,376.0,6.0
1953,104.72076,31.512909,,0.0
1954,104.6600538,31.5129244,,0.0
1955,104.6546285,31.5130164,,0.0
