,ID,NAME,DIRECTION,SBBM,CROSS_ID,CROSS_ID_1
0,10293,长虹大道南段与饮马路交叉路口,4,510700000000010078,18,20
1,10294,长虹大道南段与饮马路交叉路口,3,510700000000010079,18,29
2,10396,长虹大道南段与饮马路交叉路口,1,510700000000010303,18,246
3,10416,长虹大道南段与饮马路交叉路口,1,510700000000010304,18,246
4,10463,长虹大道南段与饮马路交叉路口,1,510700000000010305,18,246
5,10449,长虹大道南段与饮马路交叉路口,1,510700000000010306,18,246
6,10286,长虹大道北段与高水中街交叉路口,1,510700000000010087,19,
7,10156,长虹大道北段与高水中街交叉路口,2,510700000000010088,19,272
8,10157,长虹大道北段与高水中街交叉路口,4,510700000000010089,19,25
9,10200,长虹大道北段与高水中街交叉路口,3,510700000000010090,19,23
10,10291,长虹大道南段与南河大桥交叉路口,1,510700000000010076,20,
11,10292,长虹大道南段与南河大桥交叉路口,2,510700000000010077,20,21
12,10497,长虹大道南段与南塔路交叉路口,4,510700000000090024,21,46
13,10115,长虹大道北段与高水北街交叉路口,4,510700000000010058,23,19
14,10184,长虹大道北段与高水北街交叉路口,3,510700000000010059,23,24
15,10424,长虹大道北段与圣水南街交叉路口,1,510700000000010340,24,
16,11591,长虹大道北段与高水南街交叉路口,4,510700000000090086,25,45
17,11592,长虹大道北段与高水南街交叉路口,4,510700000000090087,25,45
18,10284,长虹大道南段与绵绢路交叉路口,3,510700000000010498,29,
19,10185,长虹大道南段与绵绢路交叉路口,4,510700000000010499,29,18
20,10162,长虹大道南段与御营东街交叉路口,1,510700000000010233,37,
21,10258,长虹大道南段与御营东街交叉路口,2,510700000000010234,37,
22,10163,长虹大道南段与御营东街交叉路口,4,510700000000010237,37,
23,10366,长虹大道南段与御营东街交叉路口,4,510700000000010238,37,
24,10332,长虹大道南段与御营东街交叉路口,1,510700000000010335,37,
25,10402,长虹大道南段与御营东街交叉路口,1,510700000000010336,37,
26,10280,长虹大道南段与安昌路交叉路口,2,510700000000010243,38,214
27,10279,长虹大道南段与安昌路交叉路口,1,510700000000010257,38,271
28,10477,长虹大道南段清华园路口,1,510700000000010323,41,
29,10421,长虹大道南段清华园路口,1,510700000000010324,41,
30,10079,长虹大道南段清华园路口,1,510700000000010325,41,
31,10422,长虹大道南段清华园路口,1,510700000000010326,41,
32,10296,长虹大道中段与西山东路交叉路口,1,510700000000010080,42,274
33,10374,长虹大道中段与西山东路交叉路口,2,510700000000010081,42,
34,10297,长虹大道中段与西山东路交叉路口,4,510700000000010082,42,
35,10317,长虹大道中段与西山东路交叉路口,3,510700000000010083,42,45
36,10464,长虹大道中段与西山东路交叉路口,1,510700000000010307,42,274
37,10076,长虹大道中段与西山东路交叉路口,1,510700000000010308,42,274
38,11520,长虹大道中段与西山东路交叉路口,1,510700000000090048,42,274
39,11589,长虹大道中段与西山东路交叉路口,3,510700000000090084,42,45
40,11590,长虹大道中段与西山东路交叉路口,3,510700000000090085,42,45
41,10420,长虹大道与圣水街交叉路口,1,510700000000010341,44,
42,10425,长虹大道与圣水街交叉路口,1,510700000000010342,44,
43,10426,长虹大道与圣水街交叉路口,1,510700000000010343,44,
44,10073,长虹大道与圣水街交叉路口,1,510700000000010344,44,
45,10208,长虹大道北段与一环路北段交叉路口,2,510700000000010084,45,
46,10209,长虹大道北段与一环路北段交叉路口,4,510700000000010085,45,42
47,10253,长虹大道北段与一环路北段交叉路口,3,510700000000010086,45,25
48,10380,长虹大道北段与一环路北段交叉路口,1,510700000000010337,45,193
49,10403,长虹大道北段与一环路北段交叉路口,1,510700000000010338,45,193
50,10479,长虹大道北段与一环路北段交叉路口,1,510700000000010339,45,193
51,10215,长虹大道南段与南山路交叉路口,1,510700000000010096,46,
52,10216,长虹大道南段与南山路交叉路口,4,510700000000010097,46,195
53,10370,长虹大道南段与南山路交叉路口,3,510700000000010098,46,21
54,11593,长虹大道南段与南山路交叉路口,4,510700000000090092,46,195
55,10496,临园路西段与三汇路交叉路口,1,510700000000010018,147,
56,10313,临园路西段与三汇路交叉路口,1,510700000000010019,147,
57,10224,临园路西段与三汇路交叉路口,2,510700000000010020,147,
58,10225,临园路西段与三汇路交叉路口,2,510700000000010021,147,
59,10570,临园路西段与三汇路交叉路口,4,510700000000090021,147,185
60,10571,临园路西段与三汇路交叉路口,3,510700000000090022,147,
61,11518,警钟街与常家巷交叉路口,4,510700000000090047,152,
62,10211,跃进路北段与西山东路交叉路口,1,510700000000010091,163,
63,10212,跃进路北段与西山东路交叉路口,4,510700000000010092,163,
64,10154,跃进路北段与西山东路交叉路口,3,510700000000010093,163,
65,10343,跃进路北段与西山东路交叉路口,1,510700000000090051,163,
66,10270,滨江西路中段与滨江路交叉路口,4,510700000000010210,171,222
67,10172,红星街与体运村交叉路口,1,510700000000010047,184,
68,10173,红星街与体运村交叉路口,2,510700000000010048,184,
69,10174,红星街与体运村交叉路口,4,510700000000010049,184,
70,10333,红星街与体运村交叉路口,3,510700000000010050,184,
71,10175,一环路南段御营大桥路口,2,510700000000010055,185,
72,10176,一环路南段御营大桥路口,4,510700000000010056,185,
73,10177,一环路南段御营大桥路口,3,510700000000010057,185,147
74,10127,绵州大道中段与机场东路交叉路口,1,510700000000010105,186,
75,10130,绵州大道中段与机场东路交叉路口,2,510700000000010106,186,
76,10134,绵州大道中段与机场东路交叉路口,4,510700000000010107,186,
77,10137,绵州大道中段与机场东路交叉路口,3,510700000000010108,186,225
78,10262,机场东路与文武中路交叉路口,1,510700000000010121,187,
79,10167,机场东路与文武中路交叉路口,2,510700000000010122,187,
80,10263,机场东路与文武中路交叉路口,4,510700000000010123,187,
81,10264,机场东路与文武中路交叉路口,3,510700000000010124,187,
82,10267,三星路三星小区路口,4,510700000000010133,188,486
83,10268,三星路三星小区路口,3,510700000000010134,188,484
84,10199,游仙东路与仙童街交叉路口,4,510700000000010139,189,
85,10202,游仙东路与仙童街交叉路口,3,510700000000010140,189,513
86,10301,剑南路东段与开元路交叉路口,1,510700000000010150,190,
87,10126,剑南路东段与开元路交叉路口,2,510700000000010151,190,
88,11553,剑南路东段与开元路交叉路口,1,510700000000090057,190,
89,10125,一环路东段与剑南路东段交叉路口,1,510700000000010152,191,280
90,10250,一环路东段与剑南路东段交叉路口,4,510700000000010153,191,
91,10124,一环路东段与剑南路东段交叉路口,3,510700000000010154,191,
92,10138,绵兴中路与金祥南路交叉路口,1,510700000000010176,192,
93,10166,绵兴中路与金祥南路交叉路口,2,510700000000010177,192,
94,10205,一环路西段与西山立交（桥下）交叉路口,3,510700000000010197,193,
95,10204,一环路西段与西山立交（桥下）交叉路口,4,510700000000010198,193,
96,10582,青龙大道中段西科大路口,3,510700000000010350,194,
97,10098,绵州大道北段与城南路交叉路口,4,510700000000010252,195,
98,10099,绵州大道北段与城南路交叉路口,3,510700000000010253,195,46
99,10969,九洲大道与规划路交叉路口,2,510700000000010469,199,193
100,10970,九洲大道与规划路交叉路口,2,510700000000010470,199,193
101,10971,九洲大道与规划路交叉路口,1,510700000000010471,199,
102,10274,临园路东段绵州酒店路口,1,510700000000010219,202,
103,10275,临园路东段绵州酒店路口,1,510700000000010220,202,
104,10276,临园路东段绵州酒店路口,2,510700000000010221,202,
105,10112,临园路东段绵州酒店路口,2,510700000000010222,202,
106,10245,绵兴西路与永惠路交叉路口,1,510700000000010178,212,
107,11533,绵兴西路与永惠路交叉路口,2,510700000000010179,212,
108,10282,绵兴西路与永惠路交叉路口,4,510700000000010180,212,
109,10140,绵兴西路与永惠路交叉路口,3,510700000000010181,212,
110,10108,红星街与警钟街交叉路口,1,510700000000010036,213,624
111,10306,红星街与警钟街交叉路口,2,510700000000010037,213,
112,10235,红星街与警钟街交叉路口,4,510700000000010038,213,
113,10236,红星街与警钟街交叉路口,3,510700000000010039,213,327
114,10169,安昌路与富乐路交叉路口,2,510700000000010044,214,624
115,10170,安昌路与富乐路交叉路口,4,510700000000010045,214,
116,10171,安昌路与富乐路交叉路口,3,510700000000010046,214,
117,10248,涪滨路与群文街交叉路口,1,510700000000010094,215,
118,10214,涪滨路与群文街交叉路口,2,510700000000010095,215,
119,10316,临园路东段与通安巷交叉路口,2,510700000000010223,216,
120,10277,临园路东段与通安巷交叉路口,2,510700000000010224,216,
121,10136,涪滨路与板桥街交叉路口,1,510700000000010119,217,
122,10160,涪滨路与板桥街交叉路口,2,510700000000010120,217,
123,10187,东津路与沈家坝东街交叉路口,1,510700000000010135,218,
124,10188,东津路与沈家坝东街交叉路口,2,510700000000010136,218,
125,10189,东津路与沈家坝东街交叉路口,4,510700000000010137,218,
126,10190,东津路与沈家坝东街交叉路口,3,510700000000010138,218,
127,10142,九洲大道与园艺街交叉路口,1,510700000000010186,220,221
128,11528,九洲大道与园艺街交叉路口,2,510700000000010187,220,
129,10143,九洲大道与园艺街交叉路口,4,510700000000010188,220,373
130,10243,九洲大道与园艺街交叉路口,3,510700000000010189,220,
131,10376,九洲大道与园艺街交叉路口,1,510700000000010348,220,221
132,10311,九洲大道与园艺街交叉路口,1,510700000000010349,220,221
133,10144,九洲大道与剑南路西段交叉路口,1,510700000000010190,221,
134,10145,九洲大道与剑南路西段交叉路口,2,510700000000010191,221,220
135,10146,九洲大道与剑南路西段交叉路口,4,510700000000010192,221,373
136,10272,剑南路西段与东方红大桥交叉路口,1,510700000000010215,222,
137,10256,剑南路西段与东方红大桥交叉路口,2,510700000000010216,222,
138,10273,剑南路西段与东方红大桥交叉路口,3,510700000000010218,222,171
139,10499,东津路与沈福街路交叉口,5,510700000000010258,223,
140,11539,东津路与沈福街路交叉口,4,510700000000010502,223,
141,10475,绵州大道北段与板桥街交叉路口,1,510700000000010315,225,
142,10331,绵州大道北段与板桥街交叉路口,1,510700000000010316,225,
143,10069,绵州大道北段与板桥街交叉路口,1,510700000000010317,225,
144,10400,绵州大道北段与板桥街交叉路口,1,510700000000010318,225,
145,10476,绵州大道北段与板桥街交叉路口,1,510700000000010319,225,
146,10092,绵州大道北段与板桥街交叉路口,1,510700000000010320,225,
147,10413,临园路西段与金菊街交叉路口,1,510700000000010295,233,
148,10091,临园路西段与金菊街交叉路口,1,510700000000010296,233,
149,10446,临园路西段与金菊街交叉路口,1,510700000000010297,233,
150,10321,临园路西段与金菊街交叉路口,1,510700000000010298,233,
151,10447,临园路西段与金菊街交叉路口,1,510700000000010299,233,
152,10414,临园路西段与金菊街交叉路口,1,510700000000010300,233,
153,10568,临园路东段与铁牛街交叉路口,4,510700000000090018,237,
154,10232,临园路东段与涪城路交叉路口,2,510700000000010032,239,237
155,10233,临园路东段与涪城路交叉路口,1,510700000000010033,239,460
156,10562,临园路东段与涪城路交叉路口,4,510700000000010034,239,
157,10164,临园路东段与涪城路交叉路口,3,510700000000010035,239,222
158,10312,临园路东段与涪城路交叉路口,1,510700000000010301,239,460
159,10415,临园路东段与涪城路交叉路口,1,510700000000010302,239,460
160,10165,绵兴东路与火炬东街交叉路口,1,510700000000010166,240,263
161,10129,绵兴东路与火炬东街交叉路口,2,510700000000010167,240,273
162,10563,绵兴东路与火炬东街交叉路口,3,510700000000010168,240,
163,10484,绵兴东路与火炬东街交叉路口,1,510700000000010284,240,263
164,10082,绵兴东路与火炬东街交叉路口,1,510700000000010285,240,263
165,10203,绵州大道中段与三江大道交叉路口,4,510700000000010109,243,
166,10116,绵州大道中段与三江大道交叉路口,3,510700000000010110,243,
167,11534,创业大道与园兴西街交叉路口,1,510700000000010193,245,334
168,10147,创业大道与园兴西街交叉路口,2,510700000000010194,245,
169,10148,创业大道与园兴西街交叉路口,4,510700000000010195,245,
170,10149,创业大道与园兴西街交叉路口,3,510700000000010196,245,285
171,10111,一环路南段与石塘路交叉路口,4,510700000000010199,246,
172,10110,一环路南段与石塘路交叉路口,3,510700000000010200,246,
173,10071,剑南路西段与园艺东街交叉路口,1,510700000000010327,254,
174,10379,剑南路西段与园艺东街交叉路口,1,510700000000010328,254,
175,10423,剑南路西段与园艺东街交叉路口,1,510700000000010329,254,
176,10401,剑南路西段与园艺东街交叉路口,1,510700000000010330,254,
177,10072,剑南路西段与园艺东街交叉路口,1,510700000000010331,254,
178,10410,绵兴东路与火炬西街北段交叉路口,1,510700000000010280,263,573
179,10444,绵兴东路与火炬西街北段交叉路口,1,510700000000010281,263,573
180,10411,绵兴东路与火炬西街北段交叉路口,1,510700000000010282,263,573
181,10083,绵兴东路与火炬西街北段交叉路口,1,510700000000010283,263,573
182,10226,临园路西段与荷花西街交叉路口,1,510700000000010001,268,
183,10230,临园路西段与荷花西街交叉路口,2,510700000000010002,268,
184,10234,临园路西段与荷花西街交叉路口,4,510700000000010003,268,351
185,10237,临园路西段与荷花西街交叉路口,3,510700000000010004,268,
186,10308,临园路西段与荷花西街交叉路口,1,510700000000010290,268,
187,10309,临园路西段与荷花西街交叉路口,1,510700000000010291,268,
188,10222,临园路西段与文竹街交叉路口,1,510700000000010015,269,
189,10158,临园路西段与文竹街交叉路口,4,510700000000010016,269,
190,10223,临园路西段与文竹街交叉路口,3,510700000000010017,269,
191,10281,东方红大桥,6,510700000000020067,270,
192,10259,东方红大桥,6,510700000000020068,270,
193,10196,东方红大桥,6,510700000000020069,270,
194,10596,东方红大桥,2,510700000000090038,270,
195,10598,东方红大桥,2,510700000000090052,270,
196,10363,桃园街与安昌西路交叉路口,1,510700000000010051,271,
197,10318,桃园街与安昌西路交叉路口,2,510700000000010052,271,38
198,10261,桃园街与安昌西路交叉路口,4,510700000000010053,271,
199,10315,桃园街与安昌西路交叉路口,3,510700000000010054,271,
200,10178,跃进路北段与高水中街交叉路口,1,510700000000010060,272,19
201,10367,跃进路北段与高水中街交叉路口,2,510700000000010061,272,
202,10179,跃进路北段与高水中街交叉路口,4,510700000000010062,272,
203,10254,跃进路北段与高水中街交叉路口,3,510700000000010063,272,
204,10287,绵兴东路与双碑中街交叉路口,1,510700000000010158,273,240
205,11512,绵兴东路与双碑中街交叉路口,2,510700000000010159,273,292
206,10946,绵兴东路与双碑中街交叉路口,3,510700000000010440,273,
207,10947,绵兴东路与双碑中街交叉路口,4,510700000000010441,273,
208,10182,一环路西段与西山东路交叉路口,1,510700000000010067,274,
209,10183,一环路西段与西山东路交叉路口,4,510700000000010068,274,
210,10368,一环路西段与西山东路交叉路口,3,510700000000010069,274,
211,10119,一环路南段与御中路交叉路口,2,510700000000010070,275,
212,10120,一环路南段与御中路交叉路口,4,510700000000010071,275,427
213,10288,一环路南段与御中路交叉路口,3,510700000000010072,275,
214,10217,绵州大道北段与南湖街交叉路口,1,510700000000010099,276,
215,10218,绵州大道北段与南湖街交叉路口,2,510700000000010100,276,
216,10219,绵州大道北段与南湖街交叉路口,4,510700000000010101,276,225
217,10242,绵州大道北段与南湖街交叉路口,3,510700000000010102,276,
218,10186,东津路与沈家坝下街交叉路口,4,510700000000010131,277,
219,10249,东津路与沈家坝下街交叉路口,3,510700000000010132,277,
220,10252,游仙路与仙桃街交叉路口,1,510700000000010141,278,
221,10369,游仙路与仙桃街交叉路口,2,510700000000010142,278,301
222,10191,游仙路与仙桃街交叉路口,4,510700000000010143,278,
223,10192,游仙路与仙桃街交叉路口,3,510700000000010144,278,
224,10193,一环路东段与一环路北段交叉路口,2,510700000000010147,279,
225,10194,一环路东段与一环路北段交叉路口,4,510700000000010148,279,568
226,10195,一环路东段与一环路北段交叉路口,3,510700000000010149,279,
227,10123,剑南路东段与东津大桥交叉路口,1,510700000000010155,280,
228,10122,剑南路东段与东津大桥交叉路口,3,510700000000010156,280,
229,11531,飞云大道中段与金祥南路交叉路口,1,510700000000010173,281,
230,10417,飞云大道中段与金祥南路交叉路口,2,510700000000010174,281,
231,11532,飞云大道中段与金祥南路交叉路口,3,510700000000010175,281,192
232,10244,普明北路东段与双碑中街交叉路口,1,510700000000010182,282,
233,10159,普明北路东段与双碑中街交叉路口,2,510700000000010183,282,
234,10141,普明北路东段与双碑中街交叉路口,4,510700000000010184,282,
235,10364,普明北路东段与双碑中街交叉路口,3,510700000000010185,282,288
236,10943,普明南路东段与双碑中街交叉路口,3,510700000000010437,282,288
237,10944,普明南路东段与双碑中街交叉路口,2,510700000000010438,282,
238,10945,普明南路东段与双碑中街交叉路口,4,510700000000010439,282,
239,10373,三星路与涪翁路交叉路口,3,510700000000010230,283,
240,10392,九洲大道与园兴西街交叉路口,1,510700000000010269,285,
241,10409,九洲大道与园兴西街交叉路口,1,510700000000010270,285,
242,10393,九洲大道与园兴西街交叉路口,1,510700000000010271,285,
243,11582,创业大道与园艺街交叉路口,1,510700000000010463,288,
244,11583,创业大道与园艺街交叉路口,4,510700000000010464,288,282
245,11620,创业大道与园艺街交叉路口,2,510700000000010465,288,379
246,11585,创业大道与园艺街交叉路口,3,510700000000010466,288,373
247,10445,绵兴东路与双碑东街交叉路口,1,510700000000010286,292,273
248,10460,绵兴东路与双碑东街交叉路口,1,510700000000010287,292,273
249,10359,绵兴东路与双碑东街交叉路口,1,510700000000010288,292,273
250,10485,绵兴东路与双碑东街交叉路口,1,510700000000010289,292,273
251,10926,游仙东路与仙桃街交叉路口,3,510700000000010420,301,
252,10927,游仙东路与仙桃街交叉路口,3,510700000000010421,301,
253,10928,游仙东路与仙桃街交叉路口,1,510700000000010422,301,278
254,10929,游仙东路与仙桃街交叉路口,4,510700000000010423,301,
255,10930,游仙东路与仙桃街交叉路口,4,510700000000010424,301,
256,10931,游仙东路与仙桃街交叉路口,2,510700000000010425,301,
257,10066,三星路（大河村至西科大城市学院）,5,510700000000030011,307,
258,10388,御安街与御旗路交叉路口,1,510700000000010239,309,
259,10583,御安街与御旗路交叉路口,2,510700000000010240,309,
260,10062,御安街与御旗路交叉路口,4,510700000000010241,309,
261,10437,御安街与御旗路交叉路口,3,510700000000010242,309,
262,10168,临园路东段与顺河后街交叉路口,4,510700000000010212,325,
263,10271,临园路东段与顺河后街交叉路口,1,510700000000010213,325,237
264,10285,临园路东段与顺河后街交叉路口,2,510700000000010214,325,327
265,10109,临园路东段与顺河前街交叉路口,1,510700000000090032,327,325
266,11587,临园路东段与顺河前街交叉路口,4,510700000000090082,327,213
267,10584,东原大桥东与河堤交叉路口,3,510700000000010250,332,
268,10586,东原大桥东与河堤交叉路口,1,510700000000010256,332,
269,10595,东原大桥东与河堤交叉路口,2,510700000000090037,332,
270,10873,创业大道与二环路西段交叉路口,1,510700000000010368,334,
271,10874,创业大道与二环路西段交叉路口,2,510700000000010369,334,245
272,10875,创业大道与二环路西段交叉路口,3,510700000000010370,334,
273,10876,创业大道与二环路西段交叉路口,4,510700000000010371,334,
274,10064,机场西路（南郊机场-绵吴路口）,6,510700000000030002,339,
275,10097,机场西路（南郊机场-绵吴路口）,5,510700000000030003,339,
276,10454,滨江路与跃华路交叉路口,3,510700000000010207,347,
277,12,滨河北路中段与荷花西街交叉路口,6,510700000000010514,351,
278,9,滨河北路中段与荷花西街交叉路口,5,510700000000010515,351,
279,10870,八角北路与二环路交叉路口,1,510700000000010364,358,
280,10871,八角北路与二环路交叉路口,2,510700000000010365,358,
281,10872,八角北路与二环路交叉路口,3,510700000000010366,358,
282,10976,机场东路与虹桥西路交叉路口,1,510700000000010476,367,
283,10977,机场东路与虹桥西路交叉路口,2,510700000000010477,367,
284,10269,西山东路与滨江路交叉路口,1,510700000000010205,368,42
285,10255,西山东路与滨江路交叉路口,2,510700000000010206,368,
286,10482,剑南路西段与园艺街交叉路口,1,510700000000010272,373,
287,10458,剑南路西段与园艺街交叉路口,1,510700000000010273,373,
288,10394,剑南路西段与园艺街交叉路口,1,510700000000010274,373,
289,10459,剑南路西段与园艺街交叉路口,1,510700000000010275,373,
290,10407,剑南路西段与园艺街交叉路口,1,510700000000010276,373,
291,10395,剑南路西段与园艺街交叉路口,1,510700000000010277,373,
292,10465,科创园区九州大道天生大桥桥头至金家林收费站路段,5,510700000000030059,376,
293,10353,科创园区九州大道天生大桥桥头至金家林收费站路段,5,510700000000030060,376,
294,10471,科创园区九州大道天生大桥桥头至金家林收费站路段,5,510700000000030061,376,
295,10354,科创园区九州大道天生大桥桥头至金家林收费站路段,6,510700000000030062,376,
296,10390,科创园区九州大道天生大桥桥头至金家林收费站路段,6,510700000000030063,376,
297,10324,科创园区九州大道天生大桥桥头至金家林收费站路段,6,510700000000030064,376,
298,10074,创业大道与八角南路交叉路口,1,510700000000010345,379,288
299,10103,创业大道与八角南路交叉路口,1,510700000000010346,379,288
300,10075,创业大道与八角南路交叉路口,1,510700000000010347,379,288
301,11660,普明南路东段与火炬西街北段交叉路口东,1,510700000000010433,384,
302,11661,普明南路东段与火炬西街北段交叉路口南,4,510700000000010434,384,263
303,11662,普明南路东段与火炬西街北段交叉路口西,2,510700000000010435,384,
304,11663,普明南路东段与火炬西街北段交叉路口北,4,510700000000010436,384,263
305,10090,滨江东路南段（桑林路）与东原大桥交叉路口,4,510700000000010201,389,
306,10382,滨江东路南段（桑林路）与东原大桥交叉路口,3,510700000000010202,389,
307,10337,滨江东路南段（桑林路）与东原大桥交叉路口,2,510700000000010203,389,
308,10338,滨江东路南段（桑林路）与东原大桥交叉路口,2,510700000000010204,389,
309,10860,裕都大道与涪金路交叉路口,1,510700000000010355,398,
310,10861,裕都大道与涪金路交叉路口,1,510700000000010356,398,
311,10862,裕都大道与涪金路交叉路口,2,510700000000010357,398,
312,10863,裕都大道与涪金路交叉路口,2,510700000000010510,398,
313,11535,一环路北段与中经路交叉路口,2,510700000000010351,399,
314,10342,滨江西路南段与顺河后街交叉路口,1,510700000000090050,406,325
315,10435,滨江路与跃进东街交叉路口,4,510700000000010209,410,171
316,10361,滨河南路中段（飞来石大桥-石桥铺）,6,510700000000030015,424,
317,10326,滨河南路中段（飞来石大桥-石桥铺）,5,510700000000030016,424,
318,10877,机场西路与御中路交叉路口,3,510700000000010372,427,275
319,10878,机场西路与御中路交叉路口,4,510700000000010373,427,
320,10220,花园路与花园南街交叉路口,2,510700000000010012,431,
321,10300,花园路与花园南街交叉路口,4,510700000000010013,431,
322,10221,花园路与花园南街交叉路口,3,510700000000010014,431,
323,10451,一环路南段与解放街交叉路口,3,510700000000020093,434,
324,10483,一环路西段与迎宾路交叉路口,1,510700000000010278,435,
325,10443,一环路西段与迎宾路交叉路口,1,510700000000010279,435,
326,10569,富乐大桥（涪江三桥）天浩大厦匝道,4,510700000000090019,436,
327,10984,塘坊大道与塘汛东路交叉路口,1,510700000000010484,441,
328,10985,塘坊大道与塘汛东路交叉路口,3,510700000000010485,441,
329,10986,塘坊大道与塘汛东路交叉路口,2,510700000000010486,441,
330,10987,塘坊大道与塘汛东路交叉路口,4,510700000000010487,441,
331,10597,滨江东路北段与矮子桥交叉路口,1,510700000000090042,457,
332,10161,临园路东段与富乐路交叉路口,1,510700000000010026,460,
333,10227,临园路东段与富乐路交叉路口,1,510700000000010027,460,
334,10228,临园路东段与富乐路交叉路口,2,510700000000010028,460,239
335,10229,临园路东段与富乐路交叉路口,2,510700000000010029,460,239
336,10314,临园路东段与富乐路交叉路口,4,510700000000010030,460,520
337,10231,临园路东段与富乐路交叉路口,3,510700000000010031,460,565
338,10238,东津路与沈家坝街交叉路口,2,510700000000010500,467,
339,10299,东津路与沈家坝街交叉路口,1,510700000000010501,467,
340,10932,游仙路与仙童街交叉路口,1,510700000000010426,468,
341,10933,游仙路与仙童街交叉路口,3,510700000000010427,468,278
342,10934,游仙路与仙童街交叉路口,2,510700000000010428,468,189
343,10935,游仙路与仙童街交叉路口,4,510700000000010429,468,
344,10858,御都大道与涪金东路交叉路口,5,510700000000010259,470,
345,10859,裕都大道与涪金东路交叉路口,1,510700000000010354,470,
346,10077,滨江西路南段与泗水巷交叉路口,1,510700000000090049,473,
347,10065,机场东路（川音路段）,6,510700000000030006,479,
348,10552,一号桥匝道,1,510700000000020079,484,
349,10553,一号桥匝道,2,510700000000020080,484,
350,10913,三星路与华星路交叉路口,4,510700000000010407,485,
351,10914,三星路与华星路交叉路口,4,510700000000010408,485,
352,10915,三星路与华星路交叉路口,3,510700000000010409,485,
353,10916,三星路与华星路交叉路口,3,510700000000010410,485,
354,10905,三星路与三江大桥交叉路口,4,510700000000010400,486,
355,10906,三星路与三江大桥交叉路口,4,510700000000010401,486,
356,10907,三星路与三江大桥交叉路口,3,510700000000010402,486,188
357,10908,三星路与三江大桥交叉路口,3,510700000000010403,486,188
358,10909,三星路与三江大桥交叉路口,1,510700000000010404,486,
359,10910,三星路与三江大桥交叉路口,1,510700000000010405,486,
360,10578,滨河北路中段（丽景花城）,6,510700000000090027,495,
361,10319,桃园街与剑门路东段交叉路口,2,510700000000010023,496,
362,10371,桃园街与剑门路东段交叉路口,4,510700000000010024,496,
363,10419,桃园街与剑门路东段交叉路口,3,510700000000010025,496,
364,10295,花园南街与荷花东街交叉路口,1,510700000000010007,499,
365,10298,花园南街与荷花东街交叉路口,2,510700000000010008,499,
366,10210,花园南街与荷花东街交叉路口,4,510700000000010009,499,
367,10213,花园南街与荷花东街交叉路口,3,510700000000010010,499,575
368,10153,一环路南段与御南街交叉路口,1,510700000000010496,505,
369,10418,一环路南段与御南街交叉路口,2,510700000000010497,505,
370,10951,飞云大道东段（艾默生路口）,1,510700000000010445,511,
371,10100,飞云大道东段（艾默生路口）,5,510700000000030072,511,
372,10922,游仙东路与仙鹤街交叉路口,3,510700000000010416,513,
373,10923,游仙东路与仙鹤街交叉路口,3,510700000000010417,513,
374,10924,游仙东路与仙鹤街交叉路口,4,510700000000010418,513,189
375,10925,游仙东路与仙鹤街交叉路口,4,510700000000010419,513,189
376,11537,滨河北路东段与富乐路交叉路口,2,510700000000010506,520,
377,11526,滨河北路中段与三汇路交叉路口,2,510700000000090036,521,
378,10096,九洲大道(移动路口-中华坊路口),6,510700000000030001,531,
379,10574,九洲大道(移动路口-中华坊路口),6,510700000000030065,531,
380,10988,城南路与南山东路交叉路口,1,510700000000010488,537,
381,10989,城南路与红桥路交叉路口,3,510700000000010490,537,
382,10990,城南路与南山东路交叉路口,2,510700000000010491,537,
383,10991,城南路与南山东路交叉路口,4,510700000000010493,537,
384,10307,火炬西街北段与虹苑路交叉路口,1,510700000000010263,538,
385,10982,绵州大道南段与塘汛南街交叉路口,3,510700000000010482,556,
386,10983,绵州大道南段与塘汛南街交叉路口,3,510700000000010483,556,
387,10965,科发大道中段与辽宁大道交叉路口,1,510700000000010459,559,
388,10966,科发大道中段与辽宁大道交叉路口,3,510700000000010460,559,
389,10967,科发大道中段与辽宁大道交叉路口,2,510700000000010461,559,
390,10968,科发大道中段与辽宁大道交叉路口,4,510700000000010462,559,
391,10180,剑南路西段与富乐路交叉路口,1,510700000000010064,565,
392,10106,剑南路西段与富乐路交叉路口,2,510700000000010065,565,
393,10181,剑南路西段与富乐路交叉路口,4,510700000000010066,565,460
394,10289,一环路南段与南河路交叉路口,2,510700000000010073,567,
395,10290,一环路南段与南河路交叉路口,4,510700000000010074,567,
396,10257,一环路南段与南河路交叉路口,3,510700000000010075,567,
397,10121,一环路东段与仙人路交叉路口,3,510700000000010157,568,279
398,10436,一环路东段与仙人路交叉路口,1,510700000000010332,568,
399,10478,一环路东段与仙人路交叉路口,1,510700000000010333,568,
400,10084,一环路东段与仙人路交叉路口,1,510700000000010334,568,
401,10201,青龙大道南段与红岩电站交叉路口,3,510700000000010103,571,
402,10198,青龙大道南段与红岩电站交叉路口,4,510700000000010104,571,
403,10585,青龙大道南段与红岩电站交叉路口,1,510700000000010251,571,
404,10117,涪滨路与南山路交叉路口,2,510700000000010113,572,
405,10118,涪滨路与南山路交叉路口,4,510700000000010114,572,46
406,10480,涪滨路与南山路交叉路口,1,510700000000010262,572,
407,11529,绵兴东路与普乐街交叉路口,1,510700000000010160,573,
408,10240,绵兴东路与普乐街交叉路口,3,510700000000010162,573,
409,10131,绵兴西路与永安路交叉路口,1,510700000000010169,574,
410,11530,绵兴西路与永安路交叉路口,2,510700000000010170,574,
411,10132,绵兴西路与永安路交叉路口,4,510700000000010171,574,
412,10133,绵兴西路与永安路交叉路口,3,510700000000010172,574,
413,10260,临园路西段与荷花东街交叉路口,1,510700000000010005,575,
414,10088,临园路西段与荷花东街交叉路口,2,510700000000010006,575,
415,10461,临园路西段与荷花东街交叉路口,1,510700000000010292,575,
416,10462,临园路西段与荷花东街交叉路口,1,510700000000010293,575,
417,10412,临园路西段与荷花东街交叉路口,1,510700000000010294,575,
418,10391,涪城路与警钟街交叉路口,1,510700000000010261,624,
419,10902,胜黎路与国道108线交叉路口,2,510700000000010397,626,
420,10903,胜黎路与国道108线交叉路口,1,510700000000010398,626,
421,10898,中环路与国道108线交叉路口,2,510700000000010393,627,
422,10899,中环路与国道108线交叉路口,1,510700000000010394,627,
423,10900,绵梓路仙海路段,2,510700000000010395,628,
424,10901,绵梓路仙海路段,1,510700000000010396,628,
425,10866,教育路与教育中路交叉路口,1,510700000000010360,629,
426,10867,教育路与教育中路交叉路口,3,510700000000010361,629,
427,10868,教育路与教育中路交叉路口,2,510700000000010362,629,
428,10869,教育路与教育中路交叉路口,4,510700000000010363,629,
429,10887,教育路与清华西路交叉路口,1,510700000000010382,630,
430,10888,教育路与清华西路交叉路口,3,510700000000010383,630,
431,10889,教育路与清华西路交叉路口,2,510700000000010384,630,
432,10890,教育路与清华西路交叉路口,4,510700000000010385,630,
433,10864,裕都大道金林家园路口,1,510700000000010358,631,
434,10865,裕都大道金林家园路口,2,510700000000010359,631,
435,10879,御中路与毅兴街交叉路口,2,510700000000010374,632,
436,10880,御中路与毅兴街交叉路口,3,510700000000010375,632,
437,10881,御中路与毅兴街交叉路口,4,510700000000010376,632,
438,10882,回龙路与省道205线交叉路口,3,510700000000010377,633,
439,10883,回龙路与省道205线交叉路口,4,510700000000010378,633,
440,10884,205省道277公里,3,510700000000010379,634,
441,10885,205省道277公里,4,510700000000010380,634,
442,10886,205省道277公里,2,510700000000010381,634,
443,10891,青龙大道中段与碧云路交叉路口,3,510700000000010386,635,
444,10972,塘坊大道与友谊街交叉路口,1,510700000000010472,636,
445,10973,塘坊大道与友谊街交叉路口,3,510700000000010473,636,
446,10974,塘坊大道与友谊街交叉路口,2,510700000000010474,636,
447,10975,塘坊大道与友谊街交叉路口,4,510700000000010475,636,
448,10978,绵盐路与文华街交叉路口,2,510700000000010478,637,
449,10979,绵盐路与文华街交叉路口,1,510700000000010479,637,
450,10980,绵盐路与松江路交叉路口,2,510700000000010480,638,
451,10981,绵盐路与松江路交叉路口,1,510700000000010481,638,
452,10963,科发大道中段永安路小学路口,1,510700000000010457,639,
453,10964,科发大道中段永安路小学路口,2,510700000000010458,639,
454,10955,科发大道与京东方路交叉路口,1,510700000000010449,640,
455,10956,科发大道与京东方路交叉路口,1,510700000000010450,640,
456,10957,科发大道与京东方路交叉路口,3,510700000000010451,640,
457,10958,科发大道与京东方路交叉路口,2,510700000000010452,640,
458,10959,科发大道与京东方路交叉路口,2,510700000000010453,640,
459,10960,科发大道与京东方路交叉路口,4,510700000000010454,640,
460,10961,绵兴西路与绵阳师范学院东南门交叉路口,3,510700000000010455,641,
461,10962,绵兴西路与绵阳师范学院东南门交叉路口,4,510700000000010456,641,
462,10948,飞云大道东段与飞云中街交叉路口,2,510700000000010442,642,
463,10949,飞云大道东段与飞云中街交叉路口,3,510700000000010443,642,
464,10950,飞云大道东段与飞云中街交叉路口,1,510700000000010444,642,
465,10917,三星路与星河路交叉路口,4,510700000000010411,643,
466,10918,三星路与星河路交叉路口,4,510700000000010412,643,
467,10919,三星路与星河路交叉路口,3,510700000000010413,643,
468,10920,三星路与星河路交叉路口,3,510700000000010414,643,
469,10921,三星路与星河路交叉路口,2,510700000000010415,643,
470,10896,魏柏街与国道108线交叉路口,2,510700000000010391,646,
471,10897,魏柏街与国道108线交叉路口,1,510700000000010392,646,
472,10894,刘柏路与国道108线交叉路口,2,510700000000010389,647,
473,10895,刘柏路与国道108线交叉路口,1,510700000000010390,647,
474,10952,飞云大道东段与石桥铺大桥交叉路口,4,510700000000010446,648,
475,10953,飞云大道东段与石桥铺大桥交叉路口,2,510700000000010447,648,
476,10954,飞云大道东段与石桥铺大桥交叉路口,3,510700000000010448,648,
477,10239,长虹大道北段与玉女路交叉路口,4,510700000000010503,652,
478,10155,长虹大道北段与玉女路交叉路口,3,510700000000010504,652,
479,11545,长虹大道北段与玉女路交叉路口,2,510700000000010505,652,
480,10101,临园路东段(2)段（富乐路至涪城路）,2,510700000000090007,653,
481,10580,滨河北路中段(火炬三小）,6,510700000000090029,654,
482,10500,开元电厂闸坝桥,1,510700000000090041,655,
483,10501,绵兴西路（1）段（顺安二手车交易市场）,6,510700000000020097,656,
484,10502,绵兴西路（1）段（顺安二手车交易市场）,5,510700000000020098,656,
485,10505,创业大道(2)段(三阳二手车交易市场),1,510700000000020101,657,
486,10507,创业大道(2)段(三阳二手车交易市场),4,510700000000020102,657,
487,10506,创业大道(2)段(三阳二手车交易市场),2,510700000000020103,657,
488,11548,教育路（博爱颐养院路段）,5,510700000000020156,659,
489,11549,教育路（博爱颐养院路段）,6,510700000000020157,659,
490,11536,一环路北段与游仙路交叉路口,2,510700000000010125,660,
491,10265,一环路北段与游仙路交叉路口,1,510700000000010126,660,
492,11558,一环路北段与游仙路交叉路口,3,510700000000020130,660,
493,11559,一环路北段与游仙路交叉路口,3,510700000000020131,660,
494,10472,省道205线280公里（绵江路彭家坡路段）,6,510700000000030078,661,
495,10325,省道205线280公里（绵江路彭家坡路段）,5,510700000000030079,661,
496,10588,滨江西路北段川交大桥下穿隧道,5,510700000000030004,662,
497,10589,滨江西路北段川交大桥下穿隧道,6,510700000000030005,662,
498,10572,涪城路(2)段（临园路东段-警钟街）,4,510700000000090023,663,
499,10375,绵山路（滨江东路南段至治平路）,1,510700000000090033,664,
500,10344,绵山路（滨江东路南段至治平路）,1,510700000000090055,664,
501,11516,卫生巷与西大街交叉路口,3,510700000000090043,665,
502,11517,卫生巷与西大街交叉路口,4,510700000000090044,665,
503,10305,长虹大道中段(3)段（兴盛街-迎宾路）,6,510700000000090001,666,
504,10431,长虹大道中段(3)段（兴盛街-迎宾路）,5,510700000000090002,666,
505,10430,飞云大道中段石桥铺大桥至铁路桥,5,510700000000030049,667,
506,10322,飞云大道中段石桥铺大桥至铁路桥,5,510700000000030050,667,
507,10467,飞云大道中段石桥铺大桥至铁路桥,5,510700000000030051,667,
508,10468,飞云大道中段石桥铺大桥至铁路桥,6,510700000000030052,667,
509,10469,飞云大道中段石桥铺大桥至铁路桥,6,510700000000030053,667,
510,10323,飞云大道中段石桥铺大桥至铁路桥,6,510700000000030054,667,
511,11524,省道205线112公里,6,510700000000020073,668,
512,11525,省道205线112公里,5,510700000000020074,668,
513,11519,卫生巷与涪卫街交叉路口,2,510700000000090045,669,
514,10523,省道205线306公里680米 (绵三路丰谷段),5,510700000000020150,670,
515,10453,省道205线306公里680米 (绵三路丰谷段),5,510700000000020151,670,
516,10524,省道205线306公里680米 (绵三路丰谷段),5,510700000000020152,670,
517,10492,省道205线306公里680米 (绵三路丰谷段),6,510700000000020153,670,
518,10525,省道205线306公里680米 (绵三路丰谷段),6,510700000000020154,670,
519,10526,省道205线306公里680米 (绵三路丰谷段),6,510700000000020155,670,
520,10365,绵州大道南段与塘坊大道交叉路口,1,510700000000010115,671,
521,10150,绵州大道南段与塘坊大道交叉路口,2,510700000000010116,671,
522,10151,绵州大道南段与塘坊大道交叉路口,4,510700000000010117,671,
523,10152,绵州大道南段与塘坊大道交叉路口,3,510700000000010118,671,
524,10310,绵州大道南段与塘坊大道交叉路口,1,510700000000010321,671,
525,10070,绵州大道南段与塘坊大道交叉路口,1,510700000000010322,671,
526,11522,省道205线241公里750米,6,510700000000020071,674,
527,11523,省道205线241公里750米,5,510700000000020072,674,
528,11540,国道108线2073公里250米,5,510700000000020003,675,
529,11550,国道108线2075KM+940M,5,510700000000020158,676,
530,11551,国道108线2075KM+940M,5,510700000000020159,676,
531,11571,国道108线2075KM+940M,6,510700000000020160,676,
532,11572,国道108线2075KM+940M,6,510700000000020161,676,
533,10600,卫生巷与清真寺巷交叉路口,3,510700000000090056,677,
534,11556,机场西路（绵阳南郊机场-绵州驾校）,1,510700000000090077,678,
535,11552,剑南路东段与芙蓉桥交叉路口,3,510700000000090058,679,
536,11578,一环路东段与华兴北街交叉路口,2,510706000000020128,683,
537,10329,临园路西段(3)段（荷花西街-荷花中街）,2,510700000000090013,684,
538,10102,临园路西段(3)段（荷花西街-荷花中街）,1,510700000000090014,684,
539,10432,临园路中段(1)段（三汇路至桃园街）,2,510700000000090008,685,
540,10575,临园路中段(1)段（三汇路至桃园街）,1,510700000000090009,685,
541,10067,长虹大道南段(4)段（绵绢路-饮马路）,5,510700000000090003,686,
542,10327,长虹大道南段(4)段（绵绢路-饮马路）,6,510700000000090004,686,
543,10340,安昌路与碳码头巷交叉路口,1,510700000000090046,687,
544,10527,省道205线275公里,5,510700000000030027,688,
545,10452,省道205线275公里,5,510700000000030028,688,
546,10528,省道205线275公里,5,510700000000030029,688,
547,10529,省道205线275公里,6,510700000000030030,688,
548,10530,省道205线275公里,6,510700000000030031,688,
549,10531,省道205线275公里,6,510700000000030032,688,
550,10581,三江西路（经开区三江河堤路口）,3,510700000000090030,689,
551,11527,三江西路（经开区三江河堤路口）,4,510700000000090031,689,
552,10579,滨河北路中段(万达广场段),6,510700000000090028,690,
553,10251,游仙东路南段与华兴南街交叉路口,4,510700000000010145,691,
554,10107,游仙东路南段与华兴南街交叉路口,3,510700000000010146,691,
555,10330,城南路与虹桥路交叉路口,1,510700000000010309,694,
556,10068,城南路与虹桥路交叉路口,1,510700000000010310,694,
557,10398,城南路与虹桥路交叉路口,1,510700000000010311,694,
558,10399,城南路与虹桥路交叉路口,1,510700000000010312,694,
559,10378,城南路与虹桥路交叉路口,1,510700000000010313,694,
560,10474,城南路与虹桥路交叉路口,1,510700000000010314,694,
561,11560,游仙路泉水寺段,3,510700000000020132,695,
562,11561,游仙路泉水寺段,3,510700000000020133,695,
563,11563,游仙路富乐车站段,3,510700000000020135,696,
564,11562,游仙路富乐车站段,3,510706000000020134,696,
565,10554,南山大桥,3,510700000000020081,697,
566,10450,南山大桥,4,510700000000020082,697,
567,10560,绿岛大桥,2,510700000000020091,699,
568,10561,绿岛大桥,1,510700000000020092,699,
569,10241,绵兴西路与兴业路交叉路口,1,510700000000010163,700,
570,10128,绵兴西路与兴业路交叉路口,2,510700000000010164,700,
571,10246,绵兴西路与兴业路交叉路口,4,510700000000010165,700,
572,10532,国道108线2065公里200米 (绵梓路徐家段),5,510700000000020144,702,
573,10533,国道108线2065公里200米 (绵梓路徐家段),5,510700000000020145,702,
574,10534,国道108线2065公里200米 (绵梓路徐家段),5,510700000000020146,702,
575,10493,国道108线2065公里200米 (绵梓路徐家段),6,510700000000020147,702,
576,10535,国道108线2065公里200米 (绵梓路徐家段),6,510700000000020148,702,
577,10536,国道108线2065公里200米 (绵梓路徐家段),6,510700000000020149,702,
578,10590,游仙东路（欧家坝至财经校路段）,6,510700000000030009,703,
579,10591,游仙东路（欧家坝至财经校路段）,5,510700000000030010,703,
580,10592,国道108线2089KM+990M,6,510700000000030013,704,
581,11546,国道108线2082公里40米入城,5,510700000000030073,705,
582,11547,国道108线2082公里40米入城,5,510700000000030074,705,
583,10456,绵兴东路与双碑立交桥交叉路口,1,510700000000010264,706,
584,10457,绵兴东路与双碑立交桥交叉路口,1,510700000000010265,706,
585,10481,绵兴东路与双碑立交桥交叉路口,1,510700000000010266,706,
586,10442,绵兴东路与双碑立交桥交叉路口,1,510700000000010267,706,
587,10567,兴达街,4,510700000000090017,707,
588,10601,西大街,4,510700000000090020,708,
589,10541,辽宁大道（绵兴西路-科发大道中段）,5,510700000000030043,709,
590,10542,辽宁大道（绵兴西路-科发大道中段）,5,510700000000030044,709,
591,10543,辽宁大道（绵兴西路-科发大道中段）,5,510700000000030045,709,
592,10544,辽宁大道（绵兴西路-科发大道中段）,6,510700000000030046,709,
593,10494,辽宁大道（绵兴西路-科发大道中段）,6,510700000000030047,709,
594,10545,辽宁大道（绵兴西路-科发大道中段）,6,510700000000030048,709,
595,10473,临园路西段(10)段（新华西街-文竹街）,2,510700000000090010,710,
596,10576,临园路西段(10)段（新华西街-文竹街）,1,510700000000090012,710,
597,11564,华兴南街,1,510700000000020136,711,
598,11565,华兴南街,1,510706000000020137,711,
599,10080,长虹大道北段圣水南街交叉路口,3,510700000000010111,712,
600,10089,长虹大道北段圣水南街交叉路口,4,510700000000010112,712,
601,10549,三江大坝,1,510700000000020075,714,
602,10550,三江大坝,2,510700000000020076,714,
603,10551,红岩电站,2,510700000000020077,715,
604,10495,红岩电站,1,510700000000020078,715,
605,11521,芙蓉汉城河堤路,2,510700000000090015,716,
606,10565,芙蓉汉城河堤路,3,510700000000090016,716,
607,10397,长虹大道南段(5)段（饮马路-南河大桥）,6,510700000000090005,717,
608,10466,长虹大道南段(5)段（饮马路-南河大桥）,5,510700000000090006,717,
609,10593,国道108线2089KM+840M,6,510700000000030014,718,
610,10095,高新区绵兴路永安路口至磨家路口路段,5,510700000000030055,719,
611,10360,高新区绵兴路永安路口至磨家路口路段,5,510700000000030056,719,
612,10470,高新区绵兴路永安路口至磨家路口路段,6,510700000000030057,719,
613,10063,高新区绵兴路永安路口至磨家路口路段,6,510700000000030058,719,
614,10440,二环路西段（1）段（凤凰立交-古井立交）,4,510700000000020108,720,
615,10441,二环路西段（1）段（凤凰立交-古井立交）,4,510700000000020109,720,
616,10358,二环路西段（1）段（凤凰立交-古井立交）,3,510700000000020110,720,
617,10206,二环路西段（1）段（凤凰立交-古井立交）,3,510700000000020111,720,
618,11543,二环路西段（1）段（凤凰立交-古井立交）,1,510700000000090081,720,
619,10557,川交大桥西段,2,510700000000020087,721,
620,10558,川交大桥西段,2,510700000000020088,721,
621,10488,川交大桥西段,1,510700000000020089,721,
622,10559,川交大桥西段,1,510700000000020090,721,
623,10537,绵盐路松垭段,5,510700000000030039,722,
624,10538,绵盐路松垭段,5,510700000000030040,722,
625,10539,绵盐路松垭段,6,510700000000030041,722,
626,10540,绵盐路松垭段,6,510700000000030042,722,
627,11576,绵阳南郊机场出港通道,1,510700000000090060,723,
628,10503,机场东路（2）段（卓龙二手车交易市场）,6,510700000000020099,724,
629,10504,机场东路（2）段（卓龙二手车交易市场）,5,510700000000020100,724,
630,11557,阳光路,3,510700000000020129,725,
631,11566,阳光路,3,510700000000020138,725,
632,11554,国道108线2081公里940米出城,5,510700000000030075,726,
633,11555,国道108线2081公里940米出城,5,510700000000030076,726,
634,10357,二环路南段（2）段（塘汛立交-凤凰立交）,1,510700000000020104,727,
635,10428,二环路南段（2）段（塘汛立交-凤凰立交）,1,510700000000020105,727,
636,10573,二环路南段（2）段（塘汛立交-凤凰立交）,2,510700000000020106,727,
637,10439,二环路南段（2）段（塘汛立交-凤凰立交）,2,510700000000020107,727,
638,11575,东原长洲河堤段与连接桥交叉路口,4,510700000000010513,729,
639,3,东原长洲河堤段与连接桥交叉路口,4,510700000000091001,729,
640,10911,三星路与星会路交叉路口,3,510700000000010406,730,
641,10912,三星路与星会路交叉路口,3,510700000000010509,730,
642,10085,普明北路东段与剑门路西段交叉路口,1,510700000000010268,731,
643,10498,玉泉北街,4,510700000000090025,732,
644,10577,园艺街（八角南路至普明北路东段）,4,510700000000090026,733,
645,10594,涪江二桥科学城隧道口,1,510700000000090034,734,
646,10599,涪江二桥科学城隧道口,2,510700000000090054,734,
647,11538,芙蓉路（科学家公园段）,4,510700000000010508,735,
648,11513,芙蓉路（科学家公园段）,4,510700000000090059,735,
649,11574,小岛河堤路与连接桥交叉路口,4,510700000000010512,736,
650,11573,小岛河堤路（小岛社区段),4,510700000000010511,737,
651,10352,二环路西段时代名城路口,1,510700000000010232,739,
652,10302,二环路西段时代名城路口,1,510700000000020070,739,
653,10377,贾家店街(2)段(南鑫二手车市场),1,510700000000020095,740,
654,10489,贾家店街(2)段(南鑫二手车市场),3,510700000000020096,740,
655,10555,南河大桥,3,510700000000020083,741,
656,11514,南河大桥,3,510700000000020084,741,
657,10556,南河大桥,4,510700000000020085,741,
658,11515,南河大桥,4,510700000000020086,741,
659,11567,绵盐路与凯越路交叉路口,4,510700000000010430,742,
660,11568,绵盐路与凯越路交叉路口,3,510700000000010431,742,
661,11569,绵盐路与凯越路交叉路口,1,510700000000010432,742,
662,10455,一环路南段与富乐大桥交叉路口,1,510700000000010260,743,
663,10515,国道108线2091公里800米,5,510700000000020061,744,
664,10516,国道108线2091公里800米,5,510700000000020062,744,
665,10517,国道108线2091公里800米,5,510700000000020063,744,
666,10518,国道108线2091公里800米,6,510700000000020064,744,
667,10519,国道108线2091公里800米,6,510700000000020065,744,
668,10520,国道108线2091公里800米,6,510700000000020066,744,
669,10546,国道108线2120公里700米,5,510700000000030067,745,
670,10547,国道108线2120公里700米,6,510700000000030068,745,
671,10408,二环路西段（4）段（九洲立交-青义立交）,3,510700000000020112,746,
672,10320,二环路西段（4）段（九洲立交-青义立交）,3,510700000000020113,746,
673,10448,二环路西段（4）段（九洲立交-青义立交）,1,510700000000020114,746,
674,10429,二环路西段（4）段（九洲立交-青义立交）,1,510700000000020115,746,
675,10081,二环路西段（4）段（九洲立交-青义立交）,2,510700000000020116,746,
676,10207,二环路西段（4）段（九洲立交-青义立交）,2,510700000000020117,746,
677,11541,五里堆路（开元中学段）,1,510700000000090078,747,
678,11542,五里堆路（开元中学段）,1,510700000000090079,747,
679,10304,滨江东路南段与富乐大桥匝道交叉路口,3,510700000000020094,786,
680,10303,滨江东路南段与富乐大桥匝道交叉路口,4,510700000000090053,786,
681,10434,绵阳绕城高速公路南环线32公里875米(西绵高速157公里200米),1,510700000000070126,787,
682,10078,绵阳绕城高速公路南环线32公里875米(西绵高速157公里200米),1,510700000000070127,787,
683,15,绵中公路玉皇段,6,510700000000030156,788,
684,16,绵中公路玉皇段,6,510700000000030157,788,
685,17,绵中公路玉皇段,6,510700000000030158,788,
686,18,绵中公路玉皇段,5,510700000000030159,788,
687,7,绵中公路玉皇段,5,510700000000030160,788,
688,8,绵中公路玉皇段,5,510700000000030161,788,
689,10114,绵阳绕城高速公路南环线27公里54米(西绵高速151公里379米),1,510700000000070124,789,
690,10105,绵阳绕城高速公路南环线27公里54米(西绵高速151公里379米),1,510700000000070125,789,
691,10433,绵阳绕城高速公路南环线1公里7米(西绵高速125公里332米),2,510700000000070122,790,
692,10104,绵阳绕城高速公路南环线1公里7米(西绵高速125公里332米),2,510700000000070123,790,
693,10404,绵阳绕城高速公路南环线7公里599米(西绵高速131公里924米),2,510700000000070120,791,
694,10113,绵阳绕城高速公路南环线7公里599米(西绵高速131公里924米),2,510700000000070121,791,
695,10508,绵盐路（大河村至西科大城市学院）,5,510700000000020053,792,
696,10509,绵盐路（大河村至西科大城市学院）,5,510700000000020054,792,
697,10510,绵盐路（大河村至西科大城市学院）,5,510700000000020055,792,
698,10511,绵盐路（大河村至西科大城市学院）,5,510700000000020056,792,
699,10490,绵盐路（大河村至西科大城市学院）,6,510700000000020057,792,
700,10512,绵盐路（大河村至西科大城市学院）,6,510700000000020058,792,
701,10513,绵盐路（大河村至西科大城市学院）,6,510700000000020059,792,
702,10514,绵盐路（大河村至西科大城市学院）,6,510700000000020060,792,
703,10566,绵盐路（三江大坝至沈家坝路段）,6,510700000000030012,793,
704,10904,绵梓路戒毒所段,3,510700000000010399,794,
705,11577,205省道307公里500米,4,510700000000010387,795,
706,10328,南塔路,1,510700000000090076,796,
707,10521,绵中公路绵阳监狱路段,5,510700000000030017,806,
708,10522,绵中公路绵阳监狱路段,5,510700000000030018,806,
709,10491,绵中公路绵阳监狱路段,6,510700000000030019,806,
710,10486,绵中公路绵阳监狱路段,6,510700000000030020,806,
711,4,小岛河堤路（英才学校段）,4,510700000000091002,826,
712,5,滨江东路北段（英才中学段）,4,510700000000091003,827,
713,6,滨江东路北段（英才中学段）,3,510700000000091004,827,
714,2,五里堆南路,1,510700000000090100,828,
715,1,东原长洲河堤段,3,510700000000090099,830,
716,10335,国道108线2073公里150米,6,510700000000020005,832,
717,10362,小永路62公里600米,3,510700000000020001,833,
718,10336,小永路72公里300米,4,510700000000020002,834,
719,13,渭沟(S105线208KM+840M),5,510726000000070007,846,
720,14,渭沟(S105线208KM+840M),6,510726000000070011,846,
721,10,S105线128KM+200M（成青路卡口）,5,510726000000030001,847,
722,11,S105线128KM+200M（成青路卡口）,6,510726000000030003,847,
723,11584,玉泉中路与玉泉北街交叉路口,1,510700000000010467,866,
724,11586,玉泉中路与玉泉北街交叉路口,2,510700000000010468,866,
725,11444,九洲大道园艺街,1,,,
726,11456,九洲大道中华坊（西）,2,,,
727,11458,九洲大道园艺街,1,,,
728,11347,九洲大道-园兴街（西）,2,,,
729,11503,九洲大道-园兴街（东）,1,,,
730,11464,一环路西段--西山东路 南,3,,,
731,11504,警钟街（新华文轩东向西）,1,,,
732,11316,长虹大道--高水中街 北,4,00000,,
733,11478,长虹大道--高水中街 东,1,00001,,
734,11317,长虹大道--高水中街 南,3,00002,,
735,11484,长虹大道--高水中街 西,2,00003,,
736,11318,长虹大道--高水南街 北,4,00004,,
737,11489,长虹大道--高水南街 东,1,00005,,
738,11319,长虹大道--高水南街 南,3,00006,,
739,11320,长虹大道--高水南街 西,2,00007,,
740,11321,长虹大道--一环路北段 北,4,00008,,
741,11270,长虹大道--一环路北段 东,1,00009,,
742,11477,长虹大道--一环路北段 南,3,00010,,
743,11268,长虹大道--一环路北段 西,2,00012,,
744,11287,长虹大道--西山东路 北,4,00013,,
745,11486,长虹大道--西山东路 东,1,00014,,
746,11490,长虹大道--西山东路 南,3,00015,,
747,11322,长虹大道--西山东路 西,2,00016,,
748,11323,长虹大道--剑南路西段 北,4,00017,,
749,11324,长虹大道--剑南路西段 南,3,00018,,
750,11271,临园干道--涪城路 南,3,00021,,
751,11491,临园干道--涪城路 西内,2,00022,,
752,11325,临园干道--涪城路 西外,2,00023,,
753,11326,临园干道--涪城路 北,4,00024,,
754,11492,临园干道--涪城路 东,1,00025,,
755,11327,临园干道--文竹街 东内,1,00026,,
756,11285,临园干道--文竹街 东外,1,00027,,
757,11328,临园干道--文竹街 西,2,00028,,
758,11292,临园干道--荷花东街(北),4,00029,,
759,11259,临园干道--荷花东街(西内),2,00030,,
760,11260,临园干道--荷花东街(西外),2,00031,,
761,11329,临园干道--荷花东街 南,3,00032,,
762,11330,临园干道--荷花东街(东外),1,00033,,
763,11331,临园干道--荷花东街(东内),1,00034,,
764,11332,临园干道--荷花西街 东内,1,00035,,
765,11493,临园干道--荷花西街 东外,1,00036,,
766,11333,临园干道--荷花西街(南),3,00037,,
767,11334,临园干道--荷花西街 西内,2,00038,,
768,11269,临园干道--荷花西街 西外,2,00039,,
769,11286,滨江路--滨江西路(北),4,00040,,
770,11335,滨江路--滨江西路(南),3,00041,,
771,11336,红星街--警钟街 北,4,00042,,
772,11488,红星街 南河路到警钟街,3,00043,,
773,11487,红星街 警钟街到南河路,4,00044,,
774,11299,临园干道--顺河后街(东),1,00045,,
775,11293,临园干道--顺河后街(西),2,00046,,
776,11337,红星街--解放街(东),1,00047,,
777,11338,红星街--南河路 西,2,00048,,
778,11494,红星街--南河路 东,1,00049,,
779,11339,红星街--南河路 南,3,00050,,
780,11340,红星街--南河路 北,4,00051,,
781,11265,绵州大道--贾家店街 南,3,00052,,
782,11341,绵州大道--贾家店街 东,1,00053,,
783,11342,绵州大道--贾家店街 北,4,00054,,
784,11288,绵州大道--贾家店街 西,2,00055,,
785,11481,绵州大道--机场东路 北,4,00056,,
786,11479,绵州大道--机场东路 东,1,00057,,
787,11284,绵州大道--机场东路 西,2,00058,,
788,11289,绵州大道--机场东路 南,3,00059,,
789,11480,长虹大道--饮马路 南,3,00060,,
790,11290,长虹大道--饮马路 东,1,00061,,
791,11405,长虹大道--饮马路 北,4,00062,,
792,11291,长虹大道--饮马路 西,2,00063,,
793,11348,安昌路--涪城路(北),4,00064,,
794,11467,安昌路--涪城路(西),2,00065,,
795,11261,安昌路--涪城路(南),3,00066,,
796,11495,一环路南段--石塘路 北,4,00068,,
797,11349,一环路南段--石塘路 南,3,00069,,
798,11350,一环路南段--御中路 西,2,00070,,
799,11262,九洲大道--剑南路西段(东),1,00071,,
800,11272,九洲大道--剑南路西段(南),3,00072,,
801,11273,九洲大道--剑南路西段(西),2,00073,,
802,11351,九洲大道--裕都大道(东),1,00074,,
803,11352,九洲大道--裕都大道 南,3,00075,,
804,11353,九洲大道--裕都大道(西),2,00076,,
805,11354,创业大道--园艺街 北,4,00078,,
806,11496,创业大道--园艺街 东,1,00079,,
807,11266,创业大道--园艺街 南,3,00080,,
808,11355,创业大道--园艺街 西,2,00081,,
809,11356,绵兴东路--火炬西街(西),2,00082,,
810,11357,绵兴东路--火炬西街(北),4,00083,,
811,11420,绵兴东路--火炬西街(东),1,00084,,
812,11358,绵兴东路--火炬西街(南),3,00085,,
813,11482,火炬西街--石桥铺大桥 东,1,00086,,
814,11359,火炬西街--石桥铺大桥 西,2,00087,,
815,11360,绵兴路--兴业路(南),3,00088,,
816,11361,绵兴路--兴业路(西),2,00089,,
817,11263,绵兴路--兴业路(东),1,00090,,
818,11362,飞云大道--兴业南路 西,2,00091,,
819,11363,飞云大道--兴业南路(东),1,00092,,
820,11476,飞云大道--兴业南路 北,4,00093,,
821,11264,游仙东路--仙童街 北,4,00094,,
822,11364,游仙东路--仙童街 西,2,00095,,
823,11365,游仙东路--仙童街 南,3,00096,,
824,11366,游仙东路--仙桃街 北,4,00097,,
825,11367,游仙东路--仙桃街 东,1,00098,,
826,11368,游仙东路--仙桃街 南,3,00099,,
827,11369,游仙东路--仙桃街 西,2,00100,,
828,11274,游仙路--仙桃街(北),4,00101,,
829,11370,游仙路--仙桃街 东,1,00102,,
830,11275,游仙路--仙桃街(南),3,00103,,
831,11343,游仙路--仙桃街 西,2,00104,,
832,11267,剑南路东段--芙蓉桥 北,4,00105,,
833,11497,剑南路东段--芙蓉桥 东,1,00106,,
834,11434,剑南路东段--芙蓉桥 南,3,00107,,
835,11371,剑南路东段--东津路 东,1,00108,,
836,11372,剑南路东段--东津路 西,2,00109,,
837,11373,东津路--一环路东段 南,3,00110,,
838,11374,东津路--一环路东段(北),4,00111,,
839,11375,东津路--一环路东段 东,1,00112,,
840,11376,绵盐路--西科大城市学院 南,3,00113,,
841,11498,绵盐路--西科大城市学院 北,4,00114,,
842,11377,一环路西段 迎宾路到先锋路,4,00115,,
843,11378,一环路西段 先锋路到迎宾路,3,00116,,
844,11379,玉女路 高水南街到一环路北段,4,00117,,
845,11380,玉女路-一环路至高水南街,3,00118,,
846,11381,玉女路 高水中街到高水南街,4,00119,,
847,11382,玉女路 高水南街到高水中街,3,00120,,
848,11457,跃进路(剑南路到兴盛街),3,00121,,
849,11383,跃进路(兴盛街到剑南路),4,00122,,
850,11384,一环路西段--西山东路 北,4,00123,,
851,11276,长虹干道--安昌路(北),4,00125,,
852,11277,长虹干道--安昌路(东),1,00126,,
853,11483,长虹干道--安昌路(西),2,00127,,
854,11278,剑门路西段(高涧槽到三汇路),2,00128,,
855,11385,一环路西段 剑南路到临园干道,4,00129,,
856,11386,一环路西段 临园干道到剑南路,3,00130,,
857,11465,滨江西路 圣水街到圣水南街,4,00131,,
858,11387,滨江西路 圣水南街到圣水街,3,00132,,
859,11435,滨江西路 高水南街到一环路,4,00133,,
860,11388,滨江西路 一环路到高水南街,3,00134,,
861,11389,滨江西路(一环路到西山东路),4,00135,,
862,11390,滨江西路(西山东路到一环路),3,00136,,
863,11391,滨江路 911网咖 北向南,4,00137,,
864,11499,滨江西路 五四路到青年路,4,00138,,
865,11392,滨江西路 青年路到五四路,3,00139,,
866,11469,一环路南段--解放街 西,2,00140,,
867,11393,长虹大道 代家湾立交到南河大桥,2,00141,,
868,11394,长虹大道(南河大桥到代家湾立交),1,00142,,
869,11500,长虹大道 南河大桥到南山路,4,00143,,
870,11436,长虹大道 南山路到南河大桥,1,00144,,
871,11395,一环路南段 绵娟路到御中路,3,00145,,
872,11396,一环路南段 御中路到绵娟路,4,00146,,
873,11397,一环路南段 滨河南路到御中街,4,00147,,
874,11501,一环路南段 御中街到滨河南路,3,00148,,
875,11279,元通路(绵中)由北到南,2,00149,,
876,11280,元通路(绵中)由南到北,1,00150,,
877,11398,普明北路 双碑中街到双碑东街,2,00151,,
878,11416,普明北路 火炬西街到火炬东街,2,00152,,
879,11399,普明北路 火炬东街到火炬西街,1,00153,,
880,11400,滨河北路(石桥铺大桥到火炬西街),2,00154,,
881,11401,滨河北路 普乐街到虹苑北路,2,00155,,
882,11502,滨河南路 飞云大桥到一环路南段,2,00156,,
883,11281,滨河南路(一环路南段到飞云大桥),1,00157,,
884,11282,滨河北路(荷花东街到花园路),2,00158,,
885,11402,绵阳科技馆 由北向南,4,00159,,
886,11403,绵阳科技馆 由南向北,3,00160,,
887,11437,绵盐路(白云寺到西科大),4,00161,,
888,11404,绵盐路(西科大到白云寺),3,00162,,
889,11345,天泰食品城(由南向北),3,00163,,
890,11346,天泰食品城(由北向南),4,00164,,
891,11283,荷花东街(花园南街到临园干道),3,00165,,
892,11311,南河路-滨河北路（西）,,01001,,
893,11459,安昌路（新百盛对面）,1,01002,,
894,11509,南河路（红星街至涪城路）,1,01003,,
895,11256,临园干道-花园路（南）,3,01004,,
896,11462,一环路西段-一环路北段（东）,1,01005,,
897,11439,剑南路西段-东大桥（西）,2,01006,,
898,11505,跃进路-剑南路（西）,2,01007,,
899,11406,机场路隧道口（往万达）,1,01008,,
900,11506,一环路东段（东津路至李杜祠）,3,01009,,
901,11460,一环路北段-中经路（东）,1,01010,,
902,11407,李杜祠路口（北）,1,01011,,
903,11440,涪滨路（至南山大桥）,1,01012,,
904,11466,洞天公园（北支路）,2,01013,,
905,11441,机场西路（前往机场方向）,4,01014,,
906,11258,东原大桥-滨江东路南段（南）,3,01015,,
907,11510,三医院-开元路（东外）,1,01016,,
908,11413,三医院-开元路（东内）,1,01017,,
909,11409,一环路西段-西山东路（东）,1,01018,,
910,11294,普明北路-园艺街（北）,4,01019,,
911,11442,普明北路-园艺东街（北）,4,01020,,
912,11445,剑南路西段（石油库）,4,01021,,
913,11463,绵中拐弯处（北向南）,4,01022,,
914,11473,普明北路-双碑东街（南）,3,01023,,
915,11297,绵兴东路-双碑东街（西）,2,01024,,
916,11298,剑南路西段（园艺东街至园艺街）,4,01025,,
917,11446,剑南路西段（园艺街至园艺东街）,3,01026,,
918,11474,园艺街-剑南路西段（南）,2,01027,,
919,11461,园艺东街（创业大道至剑南路）,2,01028,,
920,11443,园艺东街（剑南路至创业大道）,1,01029,,
921,11447,创业大道-八角南路（北）,4,01030,,
922,11485,滨河南路中段（西向飞云大桥）,2,01032,,
923,11475,滨河北路中段-荷花西街（西）,2,01033,,
924,11507,临园干道-花园路（西内）,2,01034,,
925,11295,临园干道-花园路（西外）,2,01035,,
926,11296,滨河北路中段-花园路（西）,1,01036,,
927,11411,一环路（西山东路至迎宾路）,4,01037,,
928,11412,跃进路（1958）,4,01038,,
929,11511,跃进路（平政一巷处）,4,01039,,
930,11508,警钟街-红星街（西）,2,01042,,
931,11472,长虹大道-金柱园（东）,1,01043,,
932,11257,城南路-红桥路（西）,2,01044,,
933,11408,三桥路口（西）,4,01045,,
934,11410,剑南路西段（大润发东向西）,1,01046,,
935,11448,剑南路西段（富乐天桥）,,01047,,
936,11414,滨河北路中段（塞纳阳光门口）,,01048,,
937,11581,警钟街一环路南段交叉路口西,2,510700000000010000,,
938,11580,205省道307公里500米南（绵三路老收费站段）,4,510700000000010388,,
939,10487,磨秀路(河边镇海峰村路段),6,510700000000030069,,
940,10548,磨秀路(河边镇海峰村路段),5,510700000000030070,,
941,11544,绵州大道中段与三江大桥交叉路口,1,510700000000090080,,
942,11588,临园路西段与长青街交叉路口西,2,510700000000090083,,
943,11600,临园路中段与长虹大道中段（立交桥上）交叉路口,2,510700000000090088,,
944,11601,长虹大道中段与科委立交桥（桥下）交叉路口,4,510700000000090089,,
945,11602,临园路中段与长虹大道中段（立交桥上）交叉路口,1,510700000000090090,,
946,11603,长虹大道中段与科委立交桥（桥下）交叉路口,3,510700000000090091,,
